Company:,ATVI,	,	,	,	,	,	,
Case:,Bearish,	,	,	,	,	,	,
Activity:,Sell,	,	,	,	,	,	,
======================================================================================
Number: ,1,,,,,,,
Found Date: ,2009-01-12,	,	,	,	,	,	,
Enter Date1:,2009-01-13,Enter price:,9.1,Exit price:,9.16,Profit rate:,-0.6593406593406648 %,
Enter Date2:,2009-01-14,Enter price:,9.19,Exit price:,9.06,Profit rate:,1.4145810663764853 %,
Enter Date3:,2009-01-15,Enter price:,9.06,Exit price:,9.16,Profit rate:,-1.1037527593818945 %,
Enter Date4:,2009-01-16,Enter price:,9.46,Exit price:,9.57,Profit rate:,-1.1627906976744125 %,
Enter Date5:,2009-01-20,Enter price:,9.38,Exit price:,9.04,Profit rate:,3.6247334754797613 %,
	,	,	,	,Cumulative for 5 days:,,Profit rate:,2.113430425459275 %,
	,	,	,	,Total cumulative:,,Profit rate:,2.113430425459275 %,
Exit 5th day:,2009-01-13
		    to
		2009-01-20,Enter price:,9.1,Exit price:,9.04,Profit rate:,0.6593406593406648 %,
,,Win:,2,Lose:,3,,,
======================================================================================
Number: ,2,,,,,,,
Found Date: ,2009-05-05,	,	,	,	,	,	,
Enter Date1:,2009-05-06,Enter price:,11.03,Exit price:,10.97,Profit rate:,0.5439709882139504 %,
Enter Date2:,2009-05-07,Enter price:,11.09,Exit price:,11.0,Profit rate:,0.8115419296663648 %,
Enter Date3:,2009-05-08,Enter price:,11.4,Exit price:,11.81,Profit rate:,-3.596491228070177 %,
Enter Date4:,2009-05-11,Enter price:,11.73,Exit price:,11.5,Profit rate:,1.9607843137254937 %,
Enter Date5:,2009-05-12,Enter price:,11.64,Exit price:,11.4,Profit rate:,2.0618556701030943 %,
	,	,	,	,Cumulative for 5 days:,,Profit rate:,1.7816616736387265 %,
	,	,	,	,Total cumulative:,,Profit rate:,3.895092099098002 %,
Exit 5th day:,2009-05-06
		    to
		2009-05-12,Enter price:,11.03,Exit price:,11.4,Profit rate:,-3.3544877606527743 %,
,,Win:,4,Lose:,1,,,
======================================================================================
Number: ,3,,,,,,,
Found Date: ,2009-07-27,	,	,	,	,	,	,
Enter Date1:,2009-07-28,Enter price:,11.1,Exit price:,11.38,Profit rate:,-2.5225225225225327 %,
Enter Date2:,2009-07-29,Enter price:,11.35,Exit price:,11.37,Profit rate:,-0.17621145374448965 %,
Enter Date3:,2009-07-30,Enter price:,11.52,Exit price:,11.4,Profit rate:,1.0416666666666599 %,
Enter Date4:,2009-07-31,Enter price:,11.35,Exit price:,11.45,Profit rate:,-0.8810572687224639 %,
Enter Date5:,2009-08-03,Enter price:,11.65,Exit price:,11.46,Profit rate:,1.6309012875536437 %,
	,	,	,	,Cumulative for 5 days:,,Profit rate:,-0.9072232907691831 %,
	,	,	,	,Total cumulative:,,Profit rate:,2.9878688083288187 %,
Exit 5th day:,2009-07-28
		    to
		2009-08-03,Enter price:,11.1,Exit price:,11.46,Profit rate:,-3.2432432432432545 %,
,,Win:,2,Lose:,3,,,
======================================================================================
Number: ,4,,,,,,,
Found Date: ,2009-08-31,	,	,	,	,	,	,
Enter Date1:,2009-09-01,Enter price:,11.64,Exit price:,11.42,Profit rate:,1.8900343642611739 %,
Enter Date2:,2009-09-02,Enter price:,11.49,Exit price:,11.64,Profit rate:,-1.3054830287206296 %,
Enter Date3:,2009-09-03,Enter price:,11.74,Exit price:,11.55,Profit rate:,1.6183986371379855 %,
Enter Date4:,2009-09-04,Enter price:,11.58,Exit price:,11.71,Profit rate:,-1.1226252158894714 %,
Enter Date5:,2009-09-08,Enter price:,11.83,Exit price:,11.94,Profit rate:,-0.929839391377848 %,
	,	,	,	,Cumulative for 5 days:,,Profit rate:,0.1504853654112106 %,
	,	,	,	,Total cumulative:,,Profit rate:,3.138354173740029 %,
Exit 5th day:,2009-09-01
		    to
		2009-09-08,Enter price:,11.64,Exit price:,11.94,Profit rate:,-2.577319587628857 %,
,,Win:,2,Lose:,3,,,
======================================================================================
Number: ,5,,,,,,,
Found Date: ,2009-09-09,	,	,	,	,	,	,
Enter Date1:,2009-09-10,Enter price:,11.74,Exit price:,11.59,Profit rate:,1.2776831345826265 %,
Enter Date2:,2009-09-11,Enter price:,11.66,Exit price:,11.83,Profit rate:,-1.4579759862778725 %,
Enter Date3:,2009-09-14,Enter price:,11.8,Exit price:,11.74,Profit rate:,0.5084745762711906 %,
Enter Date4:,2009-09-15,Enter price:,11.79,Exit price:,11.54,Profit rate:,2.1204410517387617 %,
Enter Date5:,2009-09-16,Enter price:,11.63,Exit price:,11.77,Profit rate:,-1.203783319002569 %,
	,	,	,	,Cumulative for 5 days:,,Profit rate:,1.244839457312137 %,
	,	,	,	,Total cumulative:,,Profit rate:,4.383193631052166 %,
Exit 5th day:,2009-09-10
		    to
		2009-09-16,Enter price:,11.74,Exit price:,11.77,Profit rate:,-0.25553662691651924 %,
,,Win:,3,Lose:,2,,,
======================================================================================
Number: ,6,,,,,,,
Found Date: ,2009-10-21,	,	,	,	,	,	,
Enter Date1:,2009-10-22,Enter price:,12.3,Exit price:,12.4,Profit rate:,-0.8130081300812979 %,
Enter Date2:,2009-10-23,Enter price:,12.5,Exit price:,12.2,Profit rate:,2.4000000000000057 %,
Enter Date3:,2009-10-26,Enter price:,12.2,Exit price:,12.04,Profit rate:,1.3114754098360668 %,
Enter Date4:,2009-10-27,Enter price:,12.05,Exit price:,11.69,Profit rate:,2.987551867219927 %,
Enter Date5:,2009-10-28,Enter price:,11.71,Exit price:,11.39,Profit rate:,2.7327070879590116 %,
	,	,	,	,Cumulative for 5 days:,,Profit rate:,8.618726234933714 %,
	,	,	,	,Total cumulative:,,Profit rate:,13.00191986598588 %,
Exit 5th day:,2009-10-22
		    to
		2009-10-28,Enter price:,12.3,Exit price:,11.39,Profit rate:,7.398373983739838 %,
,,Win:,4,Lose:,1,,,
======================================================================================
Number: ,7,,,,,,,
Found Date: ,2009-10-23,	,	,	,	,	,	,
Enter Date1:,2009-10-26,Enter price:,12.2,Exit price:,12.04,Profit rate:,1.3114754098360668 %,
Enter Date2:,2009-10-27,Enter price:,12.05,Exit price:,11.69,Profit rate:,2.987551867219927 %,
Enter Date3:,2009-10-28,Enter price:,11.71,Exit price:,11.39,Profit rate:,2.7327070879590116 %,
Enter Date4:,2009-10-29,Enter price:,11.14,Exit price:,11.09,Profit rate:,0.4488330341113169 %,
Enter Date5:,2009-10-30,Enter price:,11.17,Exit price:,10.83,Profit rate:,3.0438675022381365 %,
	,	,	,	,Cumulative for 5 days:,,Profit rate:,10.524434901364458 %,
	,	,	,	,Total cumulative:,,Profit rate:,23.526354767350337 %,
Exit 5th day:,2009-10-26
		    to
		2009-10-30,Enter price:,12.2,Exit price:,10.83,Profit rate:,11.229508196721305 %,
,,Win:,5,Lose:,0,,,
======================================================================================
Number: ,8,,,,,,,
Found Date: ,2009-10-30,	,	,	,	,	,	,
Enter Date1:,2009-11-02,Enter price:,10.81,Exit price:,10.37,Profit rate:,4.070305272895479 %,
Enter Date2:,2009-11-03,Enter price:,10.33,Exit price:,10.62,Profit rate:,-2.807357212003864 %,
Enter Date3:,2009-11-04,Enter price:,10.7,Exit price:,10.68,Profit rate:,0.1869158878504633 %,
Enter Date4:,2009-11-05,Enter price:,10.94,Exit price:,10.87,Profit rate:,0.6398537477148106 %,
Enter Date5:,2009-11-06,Enter price:,11.3,Exit price:,11.25,Profit rate:,0.44247787610620093 %,
	,	,	,	,Cumulative for 5 days:,,Profit rate:,2.53219557256309 %,
	,	,	,	,Total cumulative:,,Profit rate:,26.058550339913428 %,
Exit 5th day:,2009-11-02
		    to
		2009-11-06,Enter price:,10.81,Exit price:,11.25,Profit rate:,-4.070305272895462 %,
,,Win:,4,Lose:,1,,,
======================================================================================
Number: ,9,,,,,,,
Found Date: ,2009-11-10,	,	,	,	,	,	,
Enter Date1:,2009-11-11,Enter price:,11.52,Exit price:,11.38,Profit rate:,1.2152777777777675 %,
Enter Date2:,2009-11-12,Enter price:,11.52,Exit price:,11.44,Profit rate:,0.6944444444444451 %,
Enter Date3:,2009-11-13,Enter price:,11.63,Exit price:,11.69,Profit rate:,-0.5159071367153801 %,
Enter Date4:,2009-11-16,Enter price:,11.73,Exit price:,11.72,Profit rate:,0.08525149190110645 %,
Enter Date5:,2009-11-17,Enter price:,11.68,Exit price:,11.69,Profit rate:,-0.08561643835616256 %,
	,	,	,	,Cumulative for 5 days:,,Profit rate:,1.3934501390517762 %,
	,	,	,	,Total cumulative:,,Profit rate:,27.452000478965203 %,
Exit 5th day:,2009-11-11
		    to
		2009-11-17,Enter price:,11.52,Exit price:,11.69,Profit rate:,-1.475694444444444 %,
,,Win:,3,Lose:,2,,,
======================================================================================
Number: ,10,,,,,,,
Found Date: ,2010-01-21,	,	,	,	,	,	,
Enter Date1:,2010-01-22,Enter price:,10.56,Exit price:,10.37,Profit rate:,1.799242424242436 %,
Enter Date2:,2010-01-25,Enter price:,10.38,Exit price:,10.12,Profit rate:,2.5048169556840225 %,
Enter Date3:,2010-01-26,Enter price:,10.11,Exit price:,10.01,Profit rate:,0.9891196834816979 %,
Enter Date4:,2010-01-27,Enter price:,9.97,Exit price:,10.36,Profit rate:,-3.9117352056168384 %,
Enter Date5:,2010-01-28,Enter price:,10.34,Exit price:,10.25,Profit rate:,0.8704061895551243 %,
	,	,	,	,Cumulative for 5 days:,,Profit rate:,2.2518500473464425 %,
	,	,	,	,Total cumulative:,,Profit rate:,29.703850526311648 %,
Exit 5th day:,2010-01-22
		    to
		2010-01-28,Enter price:,10.56,Exit price:,10.25,Profit rate:,2.9356060606060654 %,
,,Win:,4,Lose:,1,,,
======================================================================================
Number: ,11,,,,,,,
Found Date: ,2010-04-01,	,	,	,	,	,	,
Enter Date1:,2010-04-05,Enter price:,12.0,Exit price:,12.03,Profit rate:,-0.24999999999999467 %,
Enter Date2:,2010-04-06,Enter price:,12.0,Exit price:,12.07,Profit rate:,-0.5833333333333357 %,
Enter Date3:,2010-04-07,Enter price:,12.01,Exit price:,12.11,Profit rate:,-0.8326394671107381 %,
Enter Date4:,2010-04-08,Enter price:,12.06,Exit price:,12.12,Profit rate:,-0.4975124378109347 %,
Enter Date5:,2010-04-09,Enter price:,12.16,Exit price:,12.48,Profit rate:,-2.6315789473684235 %,
	,	,	,	,Cumulative for 5 days:,,Profit rate:,-4.795064185623426 %,
	,	,	,	,Total cumulative:,,Profit rate:,24.908786340688224 %,
Exit 5th day:,2010-04-05
		    to
		2010-04-09,Enter price:,12.0,Exit price:,12.48,Profit rate:,-4.0000000000000036 %,
,,Win:,0,Lose:,5,,,
======================================================================================
Number: ,12,,,,,,,
Found Date: ,2010-08-23,	,	,	,	,	,	,
Enter Date1:,2010-08-24,Enter price:,10.8,Exit price:,10.75,Profit rate:,0.4629629629629695 %,
Enter Date2:,2010-08-25,Enter price:,10.66,Exit price:,10.99,Profit rate:,-3.095684803001877 %,
Enter Date3:,2010-08-26,Enter price:,10.99,Exit price:,10.78,Profit rate:,1.9108280254777146 %,
Enter Date4:,2010-08-27,Enter price:,10.81,Exit price:,10.75,Profit rate:,0.5550416281221138 %,
Enter Date5:,2010-08-30,Enter price:,10.69,Exit price:,10.6,Profit rate:,0.8419083255378845 %,
	,	,	,	,Cumulative for 5 days:,,Profit rate:,0.6750561390988055 %,
	,	,	,	,Total cumulative:,,Profit rate:,25.58384247978703 %,
Exit 5th day:,2010-08-24
		    to
		2010-08-30,Enter price:,10.8,Exit price:,10.6,Profit rate:,1.8518518518518614 %,
,,Win:,4,Lose:,1,,,
======================================================================================
Number: ,13,,,,,,,
Found Date: ,2010-10-06,	,	,	,	,	,	,
Enter Date1:,2010-10-07,Enter price:,11.15,Exit price:,11.02,Profit rate:,1.1659192825112177 %,
Enter Date2:,2010-10-08,Enter price:,11.01,Exit price:,11.11,Profit rate:,-0.9082652134423219 %,
Enter Date3:,2010-10-11,Enter price:,11.1,Exit price:,11.13,Profit rate:,-0.2702702702702805 %,
Enter Date4:,2010-10-12,Enter price:,11.13,Exit price:,11.25,Profit rate:,-1.078167115902958 %,
Enter Date5:,2010-10-13,Enter price:,11.27,Exit price:,11.3,Profit rate:,-0.26619343389530736 %,
	,	,	,	,Cumulative for 5 days:,,Profit rate:,-1.3569767509996502 %,
	,	,	,	,Total cumulative:,,Profit rate:,24.22686572878738 %,
Exit 5th day:,2010-10-07
		    to
		2010-10-13,Enter price:,11.15,Exit price:,11.3,Profit rate:,-1.345291479820631 %,
,,Win:,1,Lose:,4,,,
======================================================================================
Number: ,14,,,,,,,
Found Date: ,2010-11-03,	,	,	,	,	,	,
Enter Date1:,2010-11-04,Enter price:,11.55,Exit price:,11.63,Profit rate:,-0.6926406926406933 %,
Enter Date2:,2010-11-05,Enter price:,11.75,Exit price:,11.3,Profit rate:,3.8297872340425467 %,
Enter Date3:,2010-11-08,Enter price:,11.33,Exit price:,11.88,Profit rate:,-4.854368932038841 %,
Enter Date4:,2010-11-09,Enter price:,11.97,Exit price:,11.77,Profit rate:,1.670843776106943 %,
Enter Date5:,2010-11-10,Enter price:,11.8,Exit price:,11.82,Profit rate:,-0.1694915254237252 %,
	,	,	,	,Cumulative for 5 days:,,Profit rate:,-0.2158701399537694 %,
	,	,	,	,Total cumulative:,,Profit rate:,24.010995588833612 %,
Exit 5th day:,2010-11-04
		    to
		2010-11-10,Enter price:,11.55,Exit price:,11.82,Profit rate:,-2.337662337662334 %,
,,Win:,2,Lose:,3,,,
======================================================================================
Number: ,15,,,,,,,
Found Date: ,2010-11-05,	,	,	,	,	,	,
Enter Date1:,2010-11-08,Enter price:,11.33,Exit price:,11.88,Profit rate:,-4.854368932038841 %,
Enter Date2:,2010-11-09,Enter price:,11.97,Exit price:,11.77,Profit rate:,1.670843776106943 %,
Enter Date3:,2010-11-10,Enter price:,11.8,Exit price:,11.82,Profit rate:,-0.1694915254237252 %,
Enter Date4:,2010-11-11,Enter price:,11.73,Exit price:,11.89,Profit rate:,-1.3640238704177334 %,
Enter Date5:,2010-11-12,Enter price:,11.77,Exit price:,11.5,Profit rate:,2.2939677145284585 %,
	,	,	,	,Cumulative for 5 days:,,Profit rate:,-2.423072837244898 %,
	,	,	,	,Total cumulative:,,Profit rate:,21.587922751588714 %,
Exit 5th day:,2010-11-08
		    to
		2010-11-12,Enter price:,11.33,Exit price:,11.5,Profit rate:,-1.5004413062665483 %,
,,Win:,2,Lose:,3,,,
======================================================================================
Number: ,16,,,,,,,
Found Date: ,2011-01-21,	,	,	,	,	,	,
Enter Date1:,2011-01-24,Enter price:,11.28,Exit price:,11.37,Profit rate:,-0.7978723404255307 %,
Enter Date2:,2011-01-25,Enter price:,11.3,Exit price:,11.43,Profit rate:,-1.1504424778760973 %,
Enter Date3:,2011-01-26,Enter price:,11.46,Exit price:,11.35,Profit rate:,0.9598603839441641 %,
Enter Date4:,2011-01-27,Enter price:,11.35,Exit price:,11.23,Profit rate:,1.0572687224669535 %,
Enter Date5:,2011-01-28,Enter price:,11.2,Exit price:,11.21,Profit rate:,-0.08928571428572825 %,
	,	,	,	,Cumulative for 5 days:,,Profit rate:,-0.02047142617623883 %,
	,	,	,	,Total cumulative:,,Profit rate:,21.567451325412474 %,
Exit 5th day:,2011-01-24
		    to
		2011-01-28,Enter price:,11.28,Exit price:,11.21,Profit rate:,0.6205673758865117 %,
,,Win:,2,Lose:,3,,,
======================================================================================
Number: ,17,,,,,,,
Found Date: ,2011-02-09,	,	,	,	,	,	,
Enter Date1:,2011-02-10,Enter price:,10.9,Exit price:,10.75,Profit rate:,1.376146788990829 %,
Enter Date2:,2011-02-11,Enter price:,10.69,Exit price:,10.78,Profit rate:,-0.8419083255378845 %,
Enter Date3:,2011-02-14,Enter price:,10.82,Exit price:,10.95,Profit rate:,-1.2014787430683826 %,
Enter Date4:,2011-02-15,Enter price:,10.98,Exit price:,10.94,Profit rate:,0.3642987249544711 %,
Enter Date5:,2011-02-16,Enter price:,10.93,Exit price:,10.95,Profit rate:,-0.18298261665141421 %,
	,	,	,	,Cumulative for 5 days:,,Profit rate:,-0.4859241713123813 %,
	,	,	,	,Total cumulative:,,Profit rate:,21.081527154100094 %,
Exit 5th day:,2011-02-10
		    to
		2011-02-16,Enter price:,10.9,Exit price:,10.95,Profit rate:,-0.45871559633026543 %,
,,Win:,2,Lose:,3,,,
======================================================================================
Number: ,18,,,,,,,
Found Date: ,2011-03-07,	,	,	,	,	,	,
Enter Date1:,2011-03-08,Enter price:,10.94,Exit price:,11.11,Profit rate:,-1.5539305301645332 %,
Enter Date2:,2011-03-09,Enter price:,11.09,Exit price:,11.11,Profit rate:,-0.1803426510369664 %,
Enter Date3:,2011-03-10,Enter price:,10.99,Exit price:,11.04,Profit rate:,-0.45495905368515865 %,
Enter Date4:,2011-03-11,Enter price:,10.97,Exit price:,11.05,Profit rate:,-0.7292616226071109 %,
Enter Date5:,2011-03-14,Enter price:,10.81,Exit price:,10.89,Profit rate:,-0.7400555041628128 %,
	,	,	,	,Cumulative for 5 days:,,Profit rate:,-3.658549361656582 %,
	,	,	,	,Total cumulative:,,Profit rate:,17.42297779244351 %,
Exit 5th day:,2011-03-08
		    to
		2011-03-14,Enter price:,10.94,Exit price:,10.89,Profit rate:,0.4570383912248532 %,
,,Win:,0,Lose:,5,,,
======================================================================================
Number: ,19,,,,,,,
Found Date: ,2011-04-25,	,	,	,	,	,	,
Enter Date1:,2011-04-26,Enter price:,11.26,Exit price:,11.41,Profit rate:,-1.3321492007104827 %,
Enter Date2:,2011-04-27,Enter price:,11.42,Exit price:,11.59,Profit rate:,-1.4886164623467595 %,
Enter Date3:,2011-04-28,Enter price:,11.54,Exit price:,11.57,Profit rate:,-0.2599653379549492 %,
Enter Date4:,2011-04-29,Enter price:,11.55,Exit price:,11.38,Profit rate:,1.471861471861471 %,
Enter Date5:,2011-05-02,Enter price:,11.42,Exit price:,11.43,Profit rate:,-0.08756567425568991 %,
	,	,	,	,Cumulative for 5 days:,,Profit rate:,-1.69643520340641 %,
	,	,	,	,Total cumulative:,,Profit rate:,15.726542589037102 %,
Exit 5th day:,2011-04-26
		    to
		2011-05-02,Enter price:,11.26,Exit price:,11.43,Profit rate:,-1.5097690941385429 %,
,,Win:,1,Lose:,4,,,
======================================================================================
Number: ,20,,,,,,,
Found Date: ,2011-06-17,	,	,	,	,	,	,
Enter Date1:,2011-06-20,Enter price:,10.86,Exit price:,10.98,Profit rate:,-1.104972375690617 %,
Enter Date2:,2011-06-21,Enter price:,11.06,Exit price:,11.19,Profit rate:,-1.1754068716093942 %,
Enter Date3:,2011-06-22,Enter price:,11.17,Exit price:,11.31,Profit rate:,-1.2533572068039442 %,
Enter Date4:,2011-06-23,Enter price:,11.24,Exit price:,11.38,Profit rate:,-1.2455516014234926 %,
Enter Date5:,2011-06-24,Enter price:,11.49,Exit price:,11.29,Profit rate:,1.7406440382941781 %,
	,	,	,	,Cumulative for 5 days:,,Profit rate:,-3.0386440172332705 %,
	,	,	,	,Total cumulative:,,Profit rate:,12.687898571803832 %,
Exit 5th day:,2011-06-20
		    to
		2011-06-24,Enter price:,10.86,Exit price:,11.29,Profit rate:,-3.9594843462246754 %,
,,Win:,1,Lose:,4,,,
======================================================================================
Number: ,21,,,,,,,
Found Date: ,2011-09-21,	,	,	,	,	,	,
Enter Date1:,2011-09-22,Enter price:,11.69,Exit price:,11.55,Profit rate:,1.1976047904191514 %,
Enter Date2:,2011-09-23,Enter price:,11.45,Exit price:,11.72,Profit rate:,-2.358078602620099 %,
Enter Date3:,2011-09-26,Enter price:,11.75,Exit price:,12.08,Profit rate:,-2.8085106382978733 %,
Enter Date4:,2011-09-27,Enter price:,12.22,Exit price:,12.18,Profit rate:,0.3273322422258668 %,
Enter Date5:,2011-09-28,Enter price:,12.24,Exit price:,12.03,Profit rate:,1.715686274509811 %,
	,	,	,	,Cumulative for 5 days:,,Profit rate:,-1.9259659337631436 %,
	,	,	,	,Total cumulative:,,Profit rate:,10.761932638040689 %,
Exit 5th day:,2011-09-22
		    to
		2011-09-28,Enter price:,11.69,Exit price:,12.03,Profit rate:,-2.908468776732249 %,
,,Win:,3,Lose:,2,,,
======================================================================================
Number: ,22,,,,,,,
Found Date: ,2011-09-28,	,	,	,	,	,	,
Enter Date1:,2011-09-29,Enter price:,12.22,Exit price:,11.98,Profit rate:,1.9639934533551573 %,
Enter Date2:,2011-09-30,Enter price:,11.82,Exit price:,11.9,Profit rate:,-0.6768189509306266 %,
Enter Date3:,2011-10-03,Enter price:,11.86,Exit price:,11.95,Profit rate:,-0.7588532883642484 %,
Enter Date4:,2011-10-04,Enter price:,11.82,Exit price:,12.11,Profit rate:,-2.4534686971235122 %,
Enter Date5:,2011-10-05,Enter price:,12.11,Exit price:,12.15,Profit rate:,-0.33030553261767903 %,
	,	,	,	,Cumulative for 5 days:,,Profit rate:,-2.2554530156809087 %,
	,	,	,	,Total cumulative:,,Profit rate:,8.50647962235978 %,
Exit 5th day:,2011-09-29
		    to
		2011-10-05,Enter price:,12.22,Exit price:,12.15,Profit rate:,0.572831423895256 %,
,,Win:,1,Lose:,4,,,
======================================================================================
Number: ,23,,,,,,,
Found Date: ,2011-10-12,	,	,	,	,	,	,
Enter Date1:,2011-10-13,Enter price:,12.74,Exit price:,12.92,Profit rate:,-1.4128728414442677 %,
Enter Date2:,2011-10-14,Enter price:,12.79,Exit price:,12.92,Profit rate:,-1.016419077404228 %,
Enter Date3:,2011-10-17,Enter price:,13.09,Exit price:,12.91,Profit rate:,1.3750954927425494 %,
Enter Date4:,2011-10-18,Enter price:,13.02,Exit price:,13.01,Profit rate:,0.0768049155145913 %,
Enter Date5:,2011-10-19,Enter price:,13.01,Exit price:,12.89,Profit rate:,0.9223674096848519 %,
	,	,	,	,Cumulative for 5 days:,,Profit rate:,-0.05502410090650345 %,
	,	,	,	,Total cumulative:,,Profit rate:,8.451455521453276 %,
Exit 5th day:,2011-10-13
		    to
		2011-10-19,Enter price:,12.74,Exit price:,12.89,Profit rate:,-1.1773940345368945 %,
,,Win:,3,Lose:,2,,,
======================================================================================
Number: ,24,,,,,,,
Found Date: ,2011-12-02,	,	,	,	,	,	,
Enter Date1:,2011-12-05,Enter price:,12.39,Exit price:,12.44,Profit rate:,-0.4035512510088695 %,
Enter Date2:,2011-12-06,Enter price:,12.49,Exit price:,12.38,Profit rate:,0.8807045636509162 %,
Enter Date3:,2011-12-07,Enter price:,12.32,Exit price:,12.27,Profit rate:,0.4058441558441616 %,
Enter Date4:,2011-12-08,Enter price:,12.15,Exit price:,11.93,Profit rate:,1.8106995884773713 %,
Enter Date5:,2011-12-09,Enter price:,11.99,Exit price:,12.24,Profit rate:,-2.0850708924103416 %,
	,	,	,	,Cumulative for 5 days:,,Profit rate:,0.6086261645532383 %,
	,	,	,	,Total cumulative:,,Profit rate:,9.060081686006514 %,
Exit 5th day:,2011-12-05
		    to
		2011-12-09,Enter price:,12.39,Exit price:,12.24,Profit rate:,1.210653753026637 %,
,,Win:,3,Lose:,2,,,
======================================================================================
Number: ,25,,,,,,,
Found Date: ,2011-12-13,	,	,	,	,	,	,
Enter Date1:,2011-12-14,Enter price:,12.0,Exit price:,11.76,Profit rate:,2.0000000000000018 %,
Enter Date2:,2011-12-15,Enter price:,11.83,Exit price:,11.86,Profit rate:,-0.25359256128486357 %,
Enter Date3:,2011-12-16,Enter price:,11.93,Exit price:,11.88,Profit rate:,0.41911148365464324 %,
Enter Date4:,2011-12-19,Enter price:,11.92,Exit price:,11.65,Profit rate:,2.265100671140936 %,
Enter Date5:,2011-12-20,Enter price:,11.78,Exit price:,11.87,Profit rate:,-0.7640067911714759 %,
	,	,	,	,Cumulative for 5 days:,,Profit rate:,3.666612802339242 %,
	,	,	,	,Total cumulative:,,Profit rate:,12.726694488345757 %,
Exit 5th day:,2011-12-14
		    to
		2011-12-20,Enter price:,12.0,Exit price:,11.87,Profit rate:,1.0833333333333397 %,
,,Win:,3,Lose:,2,,,
======================================================================================
Number: ,26,,,,,,,
Found Date: ,2012-01-03,	,	,	,	,	,	,
Enter Date1:,2012-01-04,Enter price:,12.21,Exit price:,12.11,Profit rate:,0.8190008190008307 %,
Enter Date2:,2012-01-05,Enter price:,12.12,Exit price:,12.11,Profit rate:,0.08250825082508076 %,
Enter Date3:,2012-01-06,Enter price:,12.09,Exit price:,12.24,Profit rate:,-1.240694789081889 %,
Enter Date4:,2012-01-09,Enter price:,12.23,Exit price:,12.2,Profit rate:,0.24529844644318183 %,
Enter Date5:,2012-01-10,Enter price:,12.28,Exit price:,12.45,Profit rate:,-1.384364820846905 %,
	,	,	,	,Cumulative for 5 days:,,Profit rate:,-1.4782520936597008 %,
	,	,	,	,Total cumulative:,,Profit rate:,11.248442394686055 %,
Exit 5th day:,2012-01-04
		    to
		2012-01-10,Enter price:,12.21,Exit price:,12.45,Profit rate:,-1.9656019656019528 %,
,,Win:,3,Lose:,2,,,
======================================================================================
Number: ,27,,,,,,,
Found Date: ,2012-04-10,	,	,	,	,	,	,
Enter Date1:,2012-04-11,Enter price:,12.41,Exit price:,12.37,Profit rate:,0.3223207091055675 %,
Enter Date2:,2012-04-12,Enter price:,12.4,Exit price:,12.48,Profit rate:,-0.6451612903225812 %,
Enter Date3:,2012-04-13,Enter price:,12.48,Exit price:,12.42,Profit rate:,0.4807692307692347 %,
Enter Date4:,2012-04-16,Enter price:,12.44,Exit price:,12.26,Profit rate:,1.4469453376205765 %,
Enter Date5:,2012-04-17,Enter price:,12.27,Exit price:,12.27,Profit rate:,0.0 %,
	,	,	,	,Cumulative for 5 days:,,Profit rate:,1.6048739871727975 %,
	,	,	,	,Total cumulative:,,Profit rate:,12.853316381858853 %,
Exit 5th day:,2012-04-11
		    to
		2012-04-17,Enter price:,12.41,Exit price:,12.27,Profit rate:,1.1281224818694646 %,
,,Win:,4,Lose:,1,,,
======================================================================================
Number: ,28,,,,,,,
Found Date: ,2012-05-03,	,	,	,	,	,	,
Enter Date1:,2012-05-04,Enter price:,12.61,Exit price:,12.36,Profit rate:,1.9825535289452818 %,
Enter Date2:,2012-05-07,Enter price:,12.33,Exit price:,12.29,Profit rate:,0.32441200324412756 %,
Enter Date3:,2012-05-08,Enter price:,12.19,Exit price:,12.4,Profit rate:,-1.72272354388844 %,
Enter Date4:,2012-05-09,Enter price:,12.29,Exit price:,12.4,Profit rate:,-0.8950366151342654 %,
Enter Date5:,2012-05-10,Enter price:,12.62,Exit price:,12.74,Profit rate:,-0.9508716323296436 %,
	,	,	,	,Cumulative for 5 days:,,Profit rate:,-1.2616662591629395 %,
	,	,	,	,Total cumulative:,,Profit rate:,11.591650122695913 %,
Exit 5th day:,2012-05-04
		    to
		2012-05-10,Enter price:,12.61,Exit price:,12.74,Profit rate:,-1.0309278350515527 %,
,,Win:,2,Lose:,3,,,
======================================================================================
Number: ,29,,,,,,,
Found Date: ,2012-05-29,	,	,	,	,	,	,
Enter Date1:,2012-05-30,Enter price:,11.87,Exit price:,11.91,Profit rate:,-0.3369839932603279 %,
Enter Date2:,2012-05-31,Enter price:,11.91,Exit price:,11.74,Profit rate:,1.42737195633921 %,
Enter Date3:,2012-06-01,Enter price:,11.63,Exit price:,11.65,Profit rate:,-0.1719690455717934 %,
Enter Date4:,2012-06-04,Enter price:,11.67,Exit price:,11.65,Profit rate:,0.17137960582690295 %,
Enter Date5:,2012-06-05,Enter price:,11.59,Exit price:,11.61,Profit rate:,-0.17256255392579442 %,
	,	,	,	,Cumulative for 5 days:,,Profit rate:,0.9172359694081973 %,
	,	,	,	,Total cumulative:,,Profit rate:,12.508886092104111 %,
Exit 5th day:,2012-05-30
		    to
		2012-06-05,Enter price:,11.87,Exit price:,11.61,Profit rate:,2.1903959561920794 %,
,,Win:,2,Lose:,3,,,
======================================================================================
Number: ,30,,,,,,,
Found Date: ,2012-06-11,	,	,	,	,	,	,
Enter Date1:,2012-06-12,Enter price:,11.68,Exit price:,11.69,Profit rate:,-0.08561643835616256 %,
Enter Date2:,2012-06-13,Enter price:,11.65,Exit price:,11.66,Profit rate:,-0.0858369098712428 %,
Enter Date3:,2012-06-14,Enter price:,11.64,Exit price:,11.53,Profit rate:,0.9450171821305945 %,
Enter Date4:,2012-06-15,Enter price:,11.5,Exit price:,11.44,Profit rate:,0.5217391304347869 %,
Enter Date5:,2012-06-18,Enter price:,11.4,Exit price:,11.64,Profit rate:,-2.1052631578947385 %,
	,	,	,	,Cumulative for 5 days:,,Profit rate:,-0.8099601935567624 %,
	,	,	,	,Total cumulative:,,Profit rate:,11.69892589854735 %,
Exit 5th day:,2012-06-12
		    to
		2012-06-18,Enter price:,11.68,Exit price:,11.64,Profit rate:,0.34246575342465024 %,
,,Win:,2,Lose:,3,,,
======================================================================================
Number: ,31,,,,,,,
Found Date: ,2012-09-27,	,	,	,	,	,	,
Enter Date1:,2012-09-28,Enter price:,11.35,Exit price:,11.28,Profit rate:,0.6167400881057294 %,
Enter Date2:,2012-10-01,Enter price:,11.3,Exit price:,11.11,Profit rate:,1.6814159292035509 %,
Enter Date3:,2012-10-02,Enter price:,11.2,Exit price:,11.11,Profit rate:,0.8035714285714273 %,
Enter Date4:,2012-10-03,Enter price:,11.16,Exit price:,11.23,Profit rate:,-0.6272401433691782 %,
Enter Date5:,2012-10-04,Enter price:,11.27,Exit price:,11.42,Profit rate:,-1.3309671694764895 %,
	,	,	,	,Cumulative for 5 days:,,Profit rate:,1.14352013303504 %,
	,	,	,	,Total cumulative:,,Profit rate:,12.842446031582389 %,
Exit 5th day:,2012-09-28
		    to
		2012-10-04,Enter price:,11.35,Exit price:,11.42,Profit rate:,-0.6167400881057294 %,
,,Win:,3,Lose:,2,,,
======================================================================================
Number: ,32,,,,,,,
Found Date: ,2012-11-08,	,	,	,	,	,	,
Enter Date1:,2012-11-09,Enter price:,10.96,Exit price:,10.66,Profit rate:,2.7372262773722693 %,
Enter Date2:,2012-11-12,Enter price:,10.73,Exit price:,10.77,Profit rate:,-0.37278657968312345 %,
Enter Date3:,2012-11-13,Enter price:,10.71,Exit price:,10.72,Profit rate:,-0.09337068160597373 %,
Enter Date4:,2012-11-14,Enter price:,10.76,Exit price:,10.69,Profit rate:,0.6505576208178465 %,
Enter Date5:,2012-11-15,Enter price:,10.68,Exit price:,10.56,Profit rate:,1.1235955056179703 %,
	,	,	,	,Cumulative for 5 days:,,Profit rate:,4.045222142518989 %,
	,	,	,	,Total cumulative:,,Profit rate:,16.88766817410138 %,
Exit 5th day:,2012-11-09
		    to
		2012-11-15,Enter price:,10.96,Exit price:,10.56,Profit rate:,3.6496350364963535 %,
,,Win:,3,Lose:,2,,,
======================================================================================
Number: ,33,,,,,,,
Found Date: ,2013-05-06,	,	,	,	,	,	,
Enter Date1:,2013-05-07,Enter price:,14.94,Exit price:,14.94,Profit rate:,0.0 %,
Enter Date2:,2013-05-08,Enter price:,15.01,Exit price:,15.26,Profit rate:,-1.6655562958027983 %,
Enter Date3:,2013-05-09,Enter price:,14.28,Exit price:,14.39,Profit rate:,-0.7703081232493082 %,
Enter Date4:,2013-05-10,Enter price:,14.48,Exit price:,14.95,Profit rate:,-3.2458563535911518 %,
Enter Date5:,2013-05-13,Enter price:,14.87,Exit price:,14.68,Profit rate:,1.2777404169468698 %,
	,	,	,	,Cumulative for 5 days:,,Profit rate:,-4.403980355696389 %,
	,	,	,	,Total cumulative:,,Profit rate:,12.48368781840499 %,
Exit 5th day:,2013-05-07
		    to
		2013-05-13,Enter price:,14.94,Exit price:,14.68,Profit rate:,1.7402945113788475 %,
,,Win:,2,Lose:,3,,,
======================================================================================
Number: ,34,,,,,,,
Found Date: ,2013-09-06,	,	,	,	,	,	,
Enter Date1:,2013-09-09,Enter price:,17.059999,Exit price:,17.040001,Profit rate:,0.11722157779728516 %,
Enter Date2:,2013-09-10,Enter price:,17.34,Exit price:,17.15,Profit rate:,1.0957324106113107 %,
Enter Date3:,2013-09-11,Enter price:,17.219999,Exit price:,17.18,Profit rate:,0.2322822434542631 %,
Enter Date4:,2013-09-12,Enter price:,17.139999,Exit price:,16.9,Profit rate:,1.4002276196165528 %,
Enter Date5:,2013-09-13,Enter price:,16.99,Exit price:,16.969999,Profit rate:,0.1177221895232316 %,
	,	,	,	,Cumulative for 5 days:,,Profit rate:,2.9631860410026434 %,
	,	,	,	,Total cumulative:,,Profit rate:,15.446873859407633 %,
Exit 5th day:,2013-09-09
		    to
		2013-09-13,Enter price:,17.059999,Exit price:,16.969999,Profit rate:,0.5275498550732614 %,
,,Win:,5,Lose:,0,,,
======================================================================================
Number: ,35,,,,,,,
Found Date: ,2013-12-11,	,	,	,	,	,	,
Enter Date1:,2013-12-12,Enter price:,16.940001,Exit price:,16.66,Profit rate:,1.6528983675974909 %,
Enter Date2:,2013-12-13,Enter price:,16.75,Exit price:,16.77,Profit rate:,-0.11940298507462432 %,
Enter Date3:,2013-12-16,Enter price:,16.809999,Exit price:,16.74,Profit rate:,0.4164128742661008 %,
Enter Date4:,2013-12-17,Enter price:,16.709999,Exit price:,17.059999,Profit rate:,-2.0945542845334786 %,
Enter Date5:,2013-12-18,Enter price:,17.030001,Exit price:,17.18,Profit rate:,-0.8807926670115939 %,
	,	,	,	,Cumulative for 5 days:,,Profit rate:,-1.025438694756105 %,
	,	,	,	,Total cumulative:,,Profit rate:,14.421435164651529 %,
Exit 5th day:,2013-12-12
		    to
		2013-12-18,Enter price:,16.940001,Exit price:,17.18,Profit rate:,-1.4167590663070266 %,
,,Win:,2,Lose:,3,,,
======================================================================================
Number: ,36,,,,,,,
Found Date: ,2013-12-26,	,	,	,	,	,	,
Enter Date1:,2013-12-27,Enter price:,18.110001,Exit price:,17.82,Profit rate:,1.6013306680656738 %,
Enter Date2:,2013-12-30,Enter price:,17.790001,Exit price:,17.799999,Profit rate:,-0.056200109263622344 %,
Enter Date3:,2013-12-31,Enter price:,17.799999,Exit price:,17.83,Profit rate:,-0.16854495328903452 %,
Enter Date4:,2014-01-02,Enter price:,17.91,Exit price:,18.07,Profit rate:,-0.8933556672250147 %,
Enter Date5:,2014-01-03,Enter price:,17.799999,Exit price:,18.290001,Profit rate:,-2.752820379371934 %,
	,	,	,	,Cumulative for 5 days:,,Profit rate:,-2.269590441083932 %,
	,	,	,	,Total cumulative:,,Profit rate:,12.151844723567596 %,
Exit 5th day:,2013-12-27
		    to
		2014-01-03,Enter price:,18.110001,Exit price:,18.290001,Profit rate:,-0.9939259528478199 %,
,,Win:,1,Lose:,4,,,
======================================================================================
Number: ,37,,,,,,,
Found Date: ,2014-03-21,	,	,	,	,	,	,
Enter Date1:,2014-03-24,Enter price:,20.889999,Exit price:,20.49,Profit rate:,1.914787071076457 %,
Enter Date2:,2014-03-25,Enter price:,20.59,Exit price:,20.59,Profit rate:,0.0 %,
Enter Date3:,2014-03-26,Enter price:,20.65,Exit price:,20.59,Profit rate:,0.29055690072638607 %,
Enter Date4:,2014-03-27,Enter price:,20.9,Exit price:,20.25,Profit rate:,3.1100478468899455 %,
Enter Date5:,2014-03-28,Enter price:,20.360001,Exit price:,20.450001,Profit rate:,-0.44204320029257294 %,
	,	,	,	,Cumulative for 5 days:,,Profit rate:,4.8733486184002155 %,
	,	,	,	,Total cumulative:,,Profit rate:,17.02519334196781 %,
Exit 5th day:,2014-03-24
		    to
		2014-03-28,Enter price:,20.889999,Exit price:,20.450001,Profit rate:,2.1062614699024125 %,
,,Win:,4,Lose:,1,,,
======================================================================================
Number: ,38,,,,,,,
Found Date: ,2014-03-27,	,	,	,	,	,	,
Enter Date1:,2014-03-28,Enter price:,20.360001,Exit price:,20.450001,Profit rate:,-0.44204320029257294 %,
Enter Date2:,2014-03-31,Enter price:,20.540001,Exit price:,20.440001,Profit rate:,0.4868548935319011 %,
Enter Date3:,2014-04-01,Enter price:,20.440001,Exit price:,20.690001,Profit rate:,-1.2230919166784777 %,
Enter Date4:,2014-04-02,Enter price:,20.82,Exit price:,20.780001,Profit rate:,0.19211815561960457 %,
Enter Date5:,2014-04-03,Enter price:,20.91,Exit price:,20.24,Profit rate:,3.2042085126733704 %,
	,	,	,	,Cumulative for 5 days:,,Profit rate:,2.218046444853825 %,
	,	,	,	,Total cumulative:,,Profit rate:,19.243239786821636 %,
Exit 5th day:,2014-03-28
		    to
		2014-04-03,Enter price:,20.360001,Exit price:,20.24,Profit rate:,0.5893958453145558 %,
,,Win:,3,Lose:,2,,,
======================================================================================
Number: ,39,,,,,,,
Found Date: ,2014-04-28,	,	,	,	,	,	,
Enter Date1:,2014-04-29,Enter price:,19.389999,Exit price:,19.690001,Profit rate:,-1.547199667209881 %,
Enter Date2:,2014-04-30,Enter price:,19.59,Exit price:,20.01,Profit rate:,-2.143950995405828 %,
Enter Date3:,2014-05-01,Enter price:,19.969999,Exit price:,19.969999,Profit rate:,0.0 %,
Enter Date4:,2014-05-02,Enter price:,20.27,Exit price:,19.940001,Profit rate:,1.628016773556985 %,
Enter Date5:,2014-05-05,Enter price:,19.889999,Exit price:,19.42,Profit rate:,2.362991571794437 %,
	,	,	,	,Cumulative for 5 days:,,Profit rate:,0.299857682735714 %,
	,	,	,	,Total cumulative:,,Profit rate:,19.54309746955735 %,
Exit 5th day:,2014-04-29
		    to
		2014-05-05,Enter price:,19.389999,Exit price:,19.42,Profit rate:,-0.1547240925592733 %,
,,Win:,3,Lose:,2,,,
======================================================================================
Number: ,40,,,,,,,
Found Date: ,2014-05-22,	,	,	,	,	,	,
Enter Date1:,2014-05-23,Enter price:,20.610001,Exit price:,20.68,Profit rate:,-0.3396360825018847 %,
Enter Date2:,2014-05-27,Enter price:,20.700001,Exit price:,20.58,Profit rate:,0.5797149478398673 %,
Enter Date3:,2014-05-28,Enter price:,20.57,Exit price:,20.33,Profit rate:,1.1667476908118715 %,
Enter Date4:,2014-05-29,Enter price:,20.57,Exit price:,20.75,Profit rate:,-0.8750607681088951 %,
Enter Date5:,2014-05-30,Enter price:,20.809999,Exit price:,20.780001,Profit rate:,0.14415185699914082 %,
	,	,	,	,Cumulative for 5 days:,,Profit rate:,0.6759176450400998 %,
	,	,	,	,Total cumulative:,,Profit rate:,20.21901511459745 %,
Exit 5th day:,2014-05-23
		    to
		2014-05-30,Enter price:,20.610001,Exit price:,20.780001,Profit rate:,-0.8248422695369987 %,
,,Win:,3,Lose:,2,,,
======================================================================================
Number: ,41,,,,,,,
Found Date: ,2014-06-12,	,	,	,	,	,	,
Enter Date1:,2014-06-13,Enter price:,21.360001,Exit price:,21.41,Profit rate:,-0.23407770439710973 %,
Enter Date2:,2014-06-16,Enter price:,21.43,Exit price:,21.43,Profit rate:,0.0 %,
Enter Date3:,2014-06-17,Enter price:,21.49,Exit price:,21.809999,Profit rate:,-1.489060027919976 %,
Enter Date4:,2014-06-18,Enter price:,21.85,Exit price:,21.82,Profit rate:,0.13729977116705325 %,
Enter Date5:,2014-06-19,Enter price:,21.889999,Exit price:,22.030001,Profit rate:,-0.6395706093910698 %,
	,	,	,	,Cumulative for 5 days:,,Profit rate:,-2.225408570541102 %,
	,	,	,	,Total cumulative:,,Profit rate:,17.993606544056348 %,
Exit 5th day:,2014-06-13
		    to
		2014-06-19,Enter price:,21.360001,Exit price:,22.030001,Profit rate:,-3.1367039730007416 %,
,,Win:,2,Lose:,3,,,
======================================================================================
Number: ,42,,,,,,,
Found Date: ,2014-10-29,	,	,	,	,	,	,
Enter Date1:,2014-10-30,Enter price:,19.01,Exit price:,19.58,Profit rate:,-2.9984218832193408 %,
Enter Date2:,2014-10-31,Enter price:,19.83,Exit price:,19.950001,Profit rate:,-0.6051487644982453 %,
Enter Date3:,2014-11-03,Enter price:,20.219999,Exit price:,20.299999,Profit rate:,-0.39564789295982794 %,
Enter Date4:,2014-11-04,Enter price:,20.33,Exit price:,19.950001,Profit rate:,1.869153959665509 %,
Enter Date5:,2014-11-05,Enter price:,21.299999,Exit price:,20.83,Profit rate:,2.2065681787121276 %,
	,	,	,	,Cumulative for 5 days:,,Profit rate:,0.07650359770022241 %,
	,	,	,	,Total cumulative:,,Profit rate:,18.070110141756572 %,
Exit 5th day:,2014-10-30
		    to
		2014-11-05,Enter price:,19.01,Exit price:,20.83,Profit rate:,-9.573908469226705 %,
,,Win:,2,Lose:,3,,,
======================================================================================
Number: ,43,,,,,,,
Found Date: ,2014-11-04,	,	,	,	,	,	,
Enter Date1:,2014-11-05,Enter price:,21.299999,Exit price:,20.83,Profit rate:,2.2065681787121276 %,
Enter Date2:,2014-11-06,Enter price:,20.879999,Exit price:,20.58,Profit rate:,1.4367768887345407 %,
Enter Date3:,2014-11-07,Enter price:,20.530001,Exit price:,20.65,Profit rate:,-0.5845055730878921 %,
Enter Date4:,2014-11-10,Enter price:,20.639999,Exit price:,20.92,Profit rate:,-1.3565940579745288 %,
Enter Date5:,2014-11-11,Enter price:,21.120001,Exit price:,20.610001,Profit rate:,2.414772612936894 %,
	,	,	,	,Cumulative for 5 days:,,Profit rate:,4.117018049321141 %,
	,	,	,	,Total cumulative:,,Profit rate:,22.18712819107771 %,
Exit 5th day:,2014-11-05
		    to
		2014-11-11,Enter price:,21.299999,Exit price:,20.610001,Profit rate:,3.2394273821327375 %,
,,Win:,3,Lose:,2,,,
======================================================================================
Number: ,44,,,,,,,
Found Date: ,2014-11-11,	,	,	,	,	,	,
Enter Date1:,2014-11-12,Enter price:,20.58,Exit price:,20.41,Profit rate:,0.8260447035957151 %,
Enter Date2:,2014-11-13,Enter price:,20.389999,Exit price:,20.34,Profit rate:,0.2452133518986425 %,
Enter Date3:,2014-11-14,Enter price:,20.24,Exit price:,20.1,Profit rate:,0.6916996047430684 %,
Enter Date4:,2014-11-17,Enter price:,20.059999,Exit price:,19.9,Profit rate:,0.7976022331805832 %,
Enter Date5:,2014-11-18,Enter price:,19.99,Exit price:,20.01,Profit rate:,-0.1000500250125219 %,
	,	,	,	,Cumulative for 5 days:,,Profit rate:,2.4605098684054876 %,
	,	,	,	,Total cumulative:,,Profit rate:,24.6476380594832 %,
Exit 5th day:,2014-11-12
		    to
		2014-11-18,Enter price:,20.58,Exit price:,20.01,Profit rate:,2.7696793002915294 %,
,,Win:,4,Lose:,1,,,
======================================================================================
Number: ,45,,,,,,,
Found Date: ,2014-11-19,	,	,	,	,	,	,
Enter Date1:,2014-11-20,Enter price:,20.15,Exit price:,21.110001,Profit rate:,-4.764272952853608 %,
Enter Date2:,2014-11-21,Enter price:,21.450001,Exit price:,21.17,Profit rate:,1.3053659065097414 %,
Enter Date3:,2014-11-24,Enter price:,21.0,Exit price:,21.299999,Profit rate:,-1.4285666666666652 %,
Enter Date4:,2014-11-25,Enter price:,21.280001,Exit price:,21.73,Profit rate:,-2.114656855514254 %,
Enter Date5:,2014-11-26,Enter price:,21.77,Exit price:,21.82,Profit rate:,-0.22967386311438087 %,
	,	,	,	,Cumulative for 5 days:,,Profit rate:,-7.2318044316391665 %,
	,	,	,	,Total cumulative:,,Profit rate:,17.415833627844034 %,
Exit 5th day:,2014-11-20
		    to
		2014-11-26,Enter price:,20.15,Exit price:,21.82,Profit rate:,-8.287841191067006 %,
,,Win:,1,Lose:,4,,,
======================================================================================
Number: ,46,,,,,,,
Found Date: ,2015-01-13,	,	,	,	,	,	,
Enter Date1:,2015-01-14,Enter price:,18.73,Exit price:,18.93,Profit rate:,-1.067805659369991 %,
Enter Date2:,2015-01-15,Enter price:,18.91,Exit price:,18.549999,Profit rate:,1.9037599153886857 %,
Enter Date3:,2015-01-16,Enter price:,19.620001,Exit price:,20.25,Profit rate:,-3.2110039138122453 %,
Enter Date4:,2015-01-20,Enter price:,20.34,Exit price:,20.219999,Profit rate:,0.5899754178957644 %,
Enter Date5:,2015-01-21,Enter price:,20.110001,Exit price:,20.1,Profit rate:,0.04973147440419838 %,
	,	,	,	,Cumulative for 5 days:,,Profit rate:,-1.7353427654935878 %,
	,	,	,	,Total cumulative:,,Profit rate:,15.680490862350446 %,
Exit 5th day:,2015-01-14
		    to
		2015-01-21,Enter price:,18.73,Exit price:,20.1,Profit rate:,-7.314468766684469 %,
,,Win:,3,Lose:,2,,,
======================================================================================
Number: ,47,,,,,,,
Found Date: ,2015-05-29,	,	,	,	,	,	,
Enter Date1:,2015-06-01,Enter price:,25.440001,Exit price:,25.4,Profit rate:,0.15723662903944138 %,
Enter Date2:,2015-06-02,Enter price:,25.309999,Exit price:,25.530001,Profit rate:,-0.8692295878794675 %,
Enter Date3:,2015-06-03,Enter price:,25.76,Exit price:,25.959999,Profit rate:,-0.7763936335403658 %,
Enter Date4:,2015-06-04,Enter price:,25.77,Exit price:,25.690001,Profit rate:,0.31043461389212584 %,
Enter Date5:,2015-06-05,Enter price:,25.629999,Exit price:,25.77,Profit rate:,-0.5462388039890209 %,
	,	,	,	,Cumulative for 5 days:,,Profit rate:,-1.724190782477287 %,
	,	,	,	,Total cumulative:,,Profit rate:,13.95630007987316 %,
Exit 5th day:,2015-06-01
		    to
		2015-06-05,Enter price:,25.440001,Exit price:,25.77,Profit rate:,-1.297165829513925 %,
,,Win:,2,Lose:,3,,,
======================================================================================
Number: ,48,,,,,,,
Found Date: ,2015-06-26,	,	,	,	,	,	,
Enter Date1:,2015-06-29,Enter price:,24.709999,Exit price:,24.49,Profit rate:,0.8903237915954647 %,
Enter Date2:,2015-06-30,Enter price:,24.65,Exit price:,24.209999,Profit rate:,1.7849939148072973 %,
Enter Date3:,2015-07-01,Enter price:,24.4,Exit price:,24.73,Profit rate:,-1.3524590163934502 %,
Enter Date4:,2015-07-02,Enter price:,24.700001,Exit price:,24.629999,Profit rate:,0.2834088954085418 %,
Enter Date5:,2015-07-06,Enter price:,24.41,Exit price:,24.82,Profit rate:,-1.6796394920114712 %,
	,	,	,	,Cumulative for 5 days:,,Profit rate:,-0.07337190659361781 %,
	,	,	,	,Total cumulative:,,Profit rate:,13.882928173279542 %,
Exit 5th day:,2015-06-29
		    to
		2015-07-06,Enter price:,24.709999,Exit price:,24.82,Profit rate:,-0.4451679662148123 %,
,,Win:,3,Lose:,2,,,
======================================================================================
Number: ,49,,,,,,,
Found Date: ,2015-07-17,	,	,	,	,	,	,
Enter Date1:,2015-07-20,Enter price:,25.809999,Exit price:,26.25,Profit rate:,-1.704769535248718 %,
Enter Date2:,2015-07-21,Enter price:,26.25,Exit price:,26.09,Profit rate:,0.60952380952381 %,
Enter Date3:,2015-07-22,Enter price:,25.99,Exit price:,25.950001,Profit rate:,0.15390150057713783 %,
Enter Date4:,2015-07-23,Enter price:,25.950001,Exit price:,25.940001,Profit rate:,0.038535643987071766 %,
Enter Date5:,2015-07-24,Enter price:,26.030001,Exit price:,26.18,Profit rate:,-0.5762542997981487 %,
	,	,	,	,Cumulative for 5 days:,,Profit rate:,-1.479062880958847 %,
	,	,	,	,Total cumulative:,,Profit rate:,12.403865292320695 %,
Exit 5th day:,2015-07-20
		    to
		2015-07-24,Enter price:,25.809999,Exit price:,26.18,Profit rate:,-1.4335568164880534 %,
,,Win:,3,Lose:,2,,,
======================================================================================
Number: ,50,,,,,,,
Found Date: ,2016-02-26,	,	,	,	,	,	,
Enter Date1:,2016-02-29,Enter price:,31.73,Exit price:,31.67,Profit rate:,0.18909549322407412 %,
Enter Date2:,2016-03-01,Enter price:,31.959999,Exit price:,32.209999,Profit rate:,-0.7822278092061378 %,
Enter Date3:,2016-03-02,Enter price:,32.0,Exit price:,32.009998,Profit rate:,-0.031243750000009562 %,
Enter Date4:,2016-03-03,Enter price:,31.809999,Exit price:,31.52,Profit rate:,0.9116598840509289 %,
Enter Date5:,2016-03-04,Enter price:,31.84,Exit price:,31.190001,Profit rate:,2.041454145728647 %,
	,	,	,	,Cumulative for 5 days:,,Profit rate:,2.3287379637975025 %,
	,	,	,	,Total cumulative:,,Profit rate:,14.732603256118198 %,
Exit 5th day:,2016-02-29
		    to
		2016-03-04,Enter price:,31.73,Exit price:,31.190001,Profit rate:,1.701856287425155 %,
,,Win:,3,Lose:,2,,,
======================================================================================
Number: ,51,,,,,,,
Found Date: ,2016-04-11,	,	,	,	,	,	,
Enter Date1:,2016-04-12,Enter price:,33.43,Exit price:,33.48,Profit rate:,-0.14956625785222005 %,
Enter Date2:,2016-04-13,Enter price:,33.919998,Exit price:,35.16,Profit rate:,-3.65566648913127 %,
Enter Date3:,2016-04-14,Enter price:,35.290001,Exit price:,34.91,Profit rate:,1.0767950955852907 %,
Enter Date4:,2016-04-15,Enter price:,35.02,Exit price:,34.57,Profit rate:,1.2849800114220524 %,
Enter Date5:,2016-04-18,Enter price:,34.560001,Exit price:,35.439999,Profit rate:,-2.5462904355818754 %,
	,	,	,	,Cumulative for 5 days:,,Profit rate:,-3.9897480755580217 %,
	,	,	,	,Total cumulative:,,Profit rate:,10.742855180560177 %,
Exit 5th day:,2016-04-12
		    to
		2016-04-18,Enter price:,33.43,Exit price:,35.439999,Profit rate:,-6.012560574334431 %,
,,Win:,2,Lose:,3,,,
======================================================================================
Number: ,52,,,,,,,
Found Date: ,2016-07-26,	,	,	,	,	,	,
Enter Date1:,2016-07-27,Enter price:,41.52,Exit price:,40.889999,Profit rate:,1.5173434489402697 %,
Enter Date2:,2016-07-28,Enter price:,40.290001,Exit price:,40.27,Profit rate:,0.04964258998155274 %,
Enter Date3:,2016-07-29,Enter price:,40.299999,Exit price:,40.16,Profit rate:,0.34739206817350815 %,
Enter Date4:,2016-08-01,Enter price:,40.389999,Exit price:,40.07,Profit rate:,0.7922728594274111 %,
Enter Date5:,2016-08-02,Enter price:,40.07,Exit price:,39.75,Profit rate:,0.7986024457199907 %,
	,	,	,	,Cumulative for 5 days:,,Profit rate:,3.505253412242732 %,
	,	,	,	,Total cumulative:,,Profit rate:,14.24810859280291 %,
Exit 5th day:,2016-07-27
		    to
		2016-08-02,Enter price:,41.52,Exit price:,39.75,Profit rate:,4.263005780346828 %,
,,Win:,5,Lose:,0,,,
======================================================================================
Number: ,53,,,,,,,
Found Date: ,2016-07-29,	,	,	,	,	,	,
Enter Date1:,2016-08-01,Enter price:,40.389999,Exit price:,40.07,Profit rate:,0.7922728594274111 %,
Enter Date2:,2016-08-02,Enter price:,40.07,Exit price:,39.75,Profit rate:,0.7986024457199907 %,
Enter Date3:,2016-08-03,Enter price:,39.639999,Exit price:,40.380001,Profit rate:,-1.8668063034007567 %,
Enter Date4:,2016-08-04,Enter price:,40.939999,Exit price:,40.830002,Profit rate:,0.2686785605441756 %,
Enter Date5:,2016-08-05,Enter price:,42.25,Exit price:,40.560001,Profit rate:,3.999997633136095 %,
	,	,	,	,Cumulative for 5 days:,,Profit rate:,3.9927451954269157 %,
	,	,	,	,Total cumulative:,,Profit rate:,18.240853788229824 %,
Exit 5th day:,2016-08-01
		    to
		2016-08-05,Enter price:,40.389999,Exit price:,40.560001,Profit rate:,-0.4209012235924954 %,
,,Win:,4,Lose:,1,,,
======================================================================================
Number: ,54,,,,,,,
Found Date: ,2016-08-05,	,	,	,	,	,	,
Enter Date1:,2016-08-08,Enter price:,40.73,Exit price:,40.610001,Profit rate:,0.2946206727228087 %,
Enter Date2:,2016-08-09,Enter price:,40.52,Exit price:,41.25,Profit rate:,-1.8015794669299035 %,
Enter Date3:,2016-08-10,Enter price:,41.139999,Exit price:,41.099998,Profit rate:,0.09723140732211424 %,
Enter Date4:,2016-08-11,Enter price:,41.139999,Exit price:,41.310001,Profit rate:,-0.4132280119890052 %,
Enter Date5:,2016-08-12,Enter price:,41.139999,Exit price:,41.139999,Profit rate:,0.0 %,
	,	,	,	,Cumulative for 5 days:,,Profit rate:,-1.8229553988739857 %,
	,	,	,	,Total cumulative:,,Profit rate:,16.417898389355837 %,
Exit 5th day:,2016-08-08
		    to
		2016-08-12,Enter price:,40.73,Exit price:,41.139999,Profit rate:,-1.0066265651853823 %,
,,Win:,3,Lose:,2,,,
======================================================================================
Number: ,55,,,,,,,
Found Date: ,2016-09-23,	,	,	,	,	,	,
Enter Date1:,2016-09-26,Enter price:,44.220001,Exit price:,43.98,Profit rate:,0.542743090394789 %,
Enter Date2:,2016-09-27,Enter price:,43.91,Exit price:,44.209999,Profit rate:,-0.6832133910271164 %,
Enter Date3:,2016-09-28,Enter price:,44.200001,Exit price:,44.16,Profit rate:,0.09049999795249716 %,
Enter Date4:,2016-09-29,Enter price:,44.150002,Exit price:,44.209999,Profit rate:,-0.13589353857787534 %,
Enter Date5:,2016-09-30,Enter price:,44.369999,Exit price:,44.299999,Profit rate:,0.1577642586829905 %,
	,	,	,	,Cumulative for 5 days:,,Profit rate:,-0.02809958257471515 %,
	,	,	,	,Total cumulative:,,Profit rate:,16.389798806781123 %,
Exit 5th day:,2016-09-26
		    to
		2016-09-30,Enter price:,44.220001,Exit price:,44.299999,Profit rate:,-0.1809090868179678 %,
,,Win:,3,Lose:,2,,,
======================================================================================
Number: ,56,,,,,,,
Found Date: ,2016-11-30,	,	,	,	,	,	,
Enter Date1:,2016-12-01,Enter price:,36.650002,Exit price:,35.580002,Profit rate:,2.919508708348775 %,
Enter Date2:,2016-12-02,Enter price:,35.66,Exit price:,35.709999,Profit rate:,-0.14021031968594166 %,
Enter Date3:,2016-12-05,Enter price:,36.009998,Exit price:,36.48,Profit rate:,-1.3051986284475598 %,
Enter Date4:,2016-12-06,Enter price:,36.599998,Exit price:,36.700001,Profit rate:,-0.2732322553678854 %,
Enter Date5:,2016-12-07,Enter price:,36.740002,Exit price:,37.450001,Profit rate:,-1.93249581205794 %,
	,	,	,	,Cumulative for 5 days:,,Profit rate:,-0.731628307210552 %,
	,	,	,	,Total cumulative:,,Profit rate:,15.65817049957057 %,
Exit 5th day:,2016-12-01
		    to
		2016-12-07,Enter price:,36.650002,Exit price:,37.450001,Profit rate:,-2.182807520719916 %,
,,Win:,1,Lose:,4,,,
======================================================================================
Number: ,57,,,,,,,
Found Date: ,2016-12-28,	,	,	,	,	,	,
Enter Date1:,2016-12-29,Enter price:,36.5,Exit price:,36.48,Profit rate:,0.054794520547953765 %,
Enter Date2:,2016-12-30,Enter price:,36.529999,Exit price:,36.110001,Profit rate:,1.1497344962971385 %,
Enter Date3:,2017-01-03,Enter price:,36.439999,Exit price:,36.639999,Profit rate:,-0.5488474354788068 %,
Enter Date4:,2017-01-04,Enter price:,36.77,Exit price:,37.360001,Profit rate:,-1.6045716616807009 %,
Enter Date5:,2017-01-05,Enter price:,37.5,Exit price:,37.939999,Profit rate:,-1.1733306666666674 %,
	,	,	,	,Cumulative for 5 days:,,Profit rate:,-2.1222207469810828 %,
	,	,	,	,Total cumulative:,,Profit rate:,13.535949752589488 %,
Exit 5th day:,2016-12-29
		    to
		2017-01-05,Enter price:,36.5,Exit price:,37.939999,Profit rate:,-3.945202739726028 %,
,,Win:,2,Lose:,3,,,
======================================================================================
Number: ,58,,,,,,,
Found Date: ,2017-02-03,	,	,	,	,	,	,
Enter Date1:,2017-02-06,Enter price:,40.040001,Exit price:,40.189999,Profit rate:,-0.3746203702642356 %,
Enter Date2:,2017-02-07,Enter price:,40.220001,Exit price:,40.049999,Profit rate:,0.42268024806862575 %,
Enter Date3:,2017-02-08,Enter price:,40.099998,Exit price:,39.189999,Profit rate:,2.2693243027094394 %,
Enter Date4:,2017-02-09,Enter price:,39.41,Exit price:,39.73,Profit rate:,-0.8119766556711502 %,
Enter Date5:,2017-02-10,Enter price:,45.0,Exit price:,47.23,Profit rate:,-4.955555555555549 %,
	,	,	,	,Cumulative for 5 days:,,Profit rate:,-3.4501480307128696 %,
	,	,	,	,Total cumulative:,,Profit rate:,10.085801721876619 %,
Exit 5th day:,2017-02-06
		    to
		2017-02-10,Enter price:,40.040001,Exit price:,47.23,Profit rate:,-17.95704001106294 %,
,,Win:,2,Lose:,3,,,
======================================================================================
Number: ,59,,,,,,,
Found Date: ,2017-08-02,	,	,	,	,	,	,
Enter Date1:,2017-08-03,Enter price:,63.009998,Exit price:,63.970001,Profit rate:,-1.5235724971773532 %,
Enter Date2:,2017-08-04,Enter price:,63.02,Exit price:,62.009998,Profit rate:,1.6026689939701682 %,
Enter Date3:,2017-08-07,Enter price:,62.139999,Exit price:,62.509998,Profit rate:,-0.5954280752402329 %,
Enter Date4:,2017-08-08,Enter price:,62.310001,Exit price:,61.330002,Profit rate:,1.5727796248952066 %,
Enter Date5:,2017-08-09,Enter price:,60.630001,Exit price:,61.380001,Profit rate:,-1.2370113601020722 %,
	,	,	,	,Cumulative for 5 days:,,Profit rate:,-0.18056331365428346 %,
	,	,	,	,Total cumulative:,,Profit rate:,9.905238408222335 %,
Exit 5th day:,2017-08-03
		    to
		2017-08-09,Enter price:,63.009998,Exit price:,61.380001,Profit rate:,2.586886290648673 %,
,,Win:,2,Lose:,3,,,
======================================================================================
Number: ,60,,,,,,,
Found Date: ,2017-09-06,	,	,	,	,	,	,
Enter Date1:,2017-09-07,Enter price:,64.300003,Exit price:,65.830002,Profit rate:,-2.379469562388651 %,
Enter Date2:,2017-09-08,Enter price:,65.540001,Exit price:,64.93,Profit rate:,0.9307308371875015 %,
Enter Date3:,2017-09-11,Enter price:,65.540001,Exit price:,66.160004,Profit rate:,-0.9459917463229776 %,
Enter Date4:,2017-09-12,Enter price:,66.480003,Exit price:,66.089996,Profit rate:,0.5866531022870097 %,
Enter Date5:,2017-09-13,Enter price:,65.910004,Exit price:,65.400002,Profit rate:,0.7737854180679462 %,
	,	,	,	,Cumulative for 5 days:,,Profit rate:,-1.034291951169171 %,
	,	,	,	,Total cumulative:,,Profit rate:,8.870946457053163 %,
Exit 5th day:,2017-09-07
		    to
		2017-09-13,Enter price:,64.300003,Exit price:,65.400002,Profit rate:,-1.7107293136518154 %,
,,Win:,3,Lose:,2,,,
======================================================================================
Number: ,61,,,,,,,
Found Date: ,2017-11-03,	,	,	,	,	,	,
Enter Date1:,2017-11-06,Enter price:,63.41,Exit price:,60.869999,Profit rate:,4.005678914997629 %,
Enter Date2:,2017-11-07,Enter price:,61.09,Exit price:,60.959999,Profit rate:,0.21280242265509908 %,
Enter Date3:,2017-11-08,Enter price:,62.5,Exit price:,64.550003,Profit rate:,-3.280004800000006 %,
Enter Date4:,2017-11-09,Enter price:,63.490002,Exit price:,63.310001,Profit rate:,0.28351078016976156 %,
Enter Date5:,2017-11-10,Enter price:,62.869999,Exit price:,63.0,Profit rate:,-0.2067774806231507 %,
	,	,	,	,Cumulative for 5 days:,,Profit rate:,1.0152098371993334 %,
	,	,	,	,Total cumulative:,,Profit rate:,9.886156294252498 %,
Exit 5th day:,2017-11-06
		    to
		2017-11-10,Enter price:,63.41,Exit price:,63.0,Profit rate:,0.6465857120327971 %,
,,Win:,3,Lose:,2,,,
Total Win:,159,Total Lose:,146,,,,,
Total Profit:,Found:,61 Patterns.,	,	,	,Total ProfitRate:,-50.58225853263483 %,
Average Profit:,Days:,61 Patterns.,	,	,	,Total Ave. ProfitRate:,-0.8292173529940137 %,
