Company:,EA,	,	,	,	,	,	,
Case:,Bearish,	,	,	,	,	,	,
Activity:,Sell,	,	,	,	,	,	,
======================================================================================
Number: ,1,,,,,,,
Found Date: ,2009-03-16,	,	,	,	,	,	,
Enter Date1:,2009-03-17,Enter price:,17.309999,Exit price:,18.379999,Profit rate:,-6.181398392917297 %,
Enter Date2:,2009-03-18,Enter price:,18.389999,Exit price:,18.790001,Profit rate:,-2.1751061541656456 %,
Enter Date3:,2009-03-19,Enter price:,18.99,Exit price:,18.940001,Profit rate:,0.26329120589783933 %,
Enter Date4:,2009-03-20,Enter price:,18.450001,Exit price:,18.219999,Profit rate:,1.2466232386654013 %,
Enter Date5:,2009-03-23,Enter price:,18.299999,Exit price:,19.65,Profit rate:,-7.3770550479265 %,
	,	,	,	,Cumulative for 5 days:,,Profit rate:,-14.223645150446199 %,
	,	,	,	,Total cumulative:,,Profit rate:,-14.223645150446199 %,
Exit 5th day:,2009-03-17
		    to
		2009-03-23,Enter price:,17.309999,Exit price:,19.65,Profit rate:,-13.518204131612007 %,
,,Win:,2,Lose:,3,,,
======================================================================================
Number: ,2,,,,,,,
Found Date: ,2009-03-25,	,	,	,	,	,	,
Enter Date1:,2009-03-26,Enter price:,19.209999,Exit price:,19.5,Profit rate:,-1.5096356850409007 %,
Enter Date2:,2009-03-27,Enter price:,19.629999,Exit price:,18.690001,Profit rate:,4.788578950004036 %,
Enter Date3:,2009-03-30,Enter price:,18.33,Exit price:,18.18,Profit rate:,0.8183306055646403 %,
Enter Date4:,2009-03-31,Enter price:,18.15,Exit price:,18.190001,Profit rate:,-0.22039118457300375 %,
Enter Date5:,2009-04-01,Enter price:,17.65,Exit price:,18.389999,Profit rate:,-4.192628895184142 %,
	,	,	,	,Cumulative for 5 days:,,Profit rate:,-0.31574620922937013 %,
	,	,	,	,Total cumulative:,,Profit rate:,-14.53939135967557 %,
Exit 5th day:,2009-03-26
		    to
		2009-04-01,Enter price:,19.209999,Exit price:,18.389999,Profit rate:,4.268610321114542 %,
,,Win:,2,Lose:,3,,,
======================================================================================
Number: ,3,,,,,,,
Found Date: ,2009-05-06,	,	,	,	,	,	,
Enter Date1:,2009-05-07,Enter price:,20.209999,Exit price:,19.459999,Profit rate:,3.71103432513777 %,
Enter Date2:,2009-05-08,Enter price:,19.549999,Exit price:,20.18,Profit rate:,-3.2225116737857635 %,
Enter Date3:,2009-05-11,Enter price:,19.73,Exit price:,20.17,Profit rate:,-2.230106436898131 %,
Enter Date4:,2009-05-12,Enter price:,20.25,Exit price:,20.110001,Profit rate:,0.6913530864197508 %,
Enter Date5:,2009-05-13,Enter price:,19.77,Exit price:,19.48,Profit rate:,1.4668689934243762 %,
	,	,	,	,Cumulative for 5 days:,,Profit rate:,0.4166382942980025 %,
	,	,	,	,Total cumulative:,,Profit rate:,-14.122753065377568 %,
Exit 5th day:,2009-05-07
		    to
		2009-05-13,Enter price:,20.209999,Exit price:,19.48,Profit rate:,3.6120684617549927 %,
,,Win:,3,Lose:,2,,,
======================================================================================
Number: ,4,,,,,,,
Found Date: ,2009-06-05,	,	,	,	,	,	,
Enter Date1:,2009-06-08,Enter price:,22.99,Exit price:,22.17,Profit rate:,3.5667681600695813 %,
Enter Date2:,2009-06-09,Enter price:,22.51,Exit price:,22.0,Profit rate:,2.265659706796986 %,
Enter Date3:,2009-06-10,Enter price:,22.040001,Exit price:,21.959999,Profit rate:,0.3629854644743453 %,
Enter Date4:,2009-06-11,Enter price:,21.940001,Exit price:,21.870001,Profit rate:,0.3190519453485909 %,
Enter Date5:,2009-06-12,Enter price:,21.799999,Exit price:,21.93,Profit rate:,-0.5963348897401327 %,
	,	,	,	,Cumulative for 5 days:,,Profit rate:,5.91813038694937 %,
	,	,	,	,Total cumulative:,,Profit rate:,-8.204622678428198 %,
Exit 5th day:,2009-06-08
		    to
		2009-06-12,Enter price:,22.99,Exit price:,21.93,Profit rate:,4.610700304480204 %,
,,Win:,4,Lose:,1,,,
======================================================================================
Number: ,5,,,,,,,
Found Date: ,2009-07-17,	,	,	,	,	,	,
Enter Date1:,2009-07-20,Enter price:,20.83,Exit price:,21.42,Profit rate:,-2.8324531925108185 %,
Enter Date2:,2009-07-21,Enter price:,21.559999,Exit price:,21.98,Profit rate:,-1.9480566766260015 %,
Enter Date3:,2009-07-22,Enter price:,21.76,Exit price:,21.82,Profit rate:,-0.2757352941176412 %,
Enter Date4:,2009-07-23,Enter price:,21.59,Exit price:,21.67,Profit rate:,-0.3705419175544319 %,
Enter Date5:,2009-07-24,Enter price:,21.59,Exit price:,21.16,Profit rate:,1.991662806855024 %,
	,	,	,	,Cumulative for 5 days:,,Profit rate:,-3.435124273953869 %,
	,	,	,	,Total cumulative:,,Profit rate:,-11.639746952382067 %,
Exit 5th day:,2009-07-20
		    to
		2009-07-24,Enter price:,20.83,Exit price:,21.16,Profit rate:,-1.5842534805568982 %,
,,Win:,1,Lose:,4,,,
======================================================================================
Number: ,6,,,,,,,
Found Date: ,2009-11-12,	,	,	,	,	,	,
Enter Date1:,2009-11-13,Enter price:,18.219999,Exit price:,18.16,Profit rate:,0.32930298184978624 %,
Enter Date2:,2009-11-16,Enter price:,18.059999,Exit price:,18.049999,Profit rate:,0.05537098866949861 %,
Enter Date3:,2009-11-17,Enter price:,18.1,Exit price:,17.85,Profit rate:,1.3812154696132597 %,
Enter Date4:,2009-11-18,Enter price:,17.860001,Exit price:,17.67,Profit rate:,1.063835326772931 %,
Enter Date5:,2009-11-19,Enter price:,17.65,Exit price:,17.43,Profit rate:,1.2464589235127415 %,
	,	,	,	,Cumulative for 5 days:,,Profit rate:,4.076183690418217 %,
	,	,	,	,Total cumulative:,,Profit rate:,-7.56356326196385 %,
Exit 5th day:,2009-11-13
		    to
		2009-11-19,Enter price:,18.219999,Exit price:,17.43,Profit rate:,4.335889370795254 %,
,,Win:,5,Lose:,0,,,
======================================================================================
Number: ,7,,,,,,,
Found Date: ,2009-12-02,	,	,	,	,	,	,
Enter Date1:,2009-12-03,Enter price:,16.870001,Exit price:,16.549999,Profit rate:,1.8968700713177127 %,
Enter Date2:,2009-12-04,Enter price:,16.66,Exit price:,16.200001,Profit rate:,2.761098439375749 %,
Enter Date3:,2009-12-07,Enter price:,16.200001,Exit price:,16.200001,Profit rate:,0.0 %,
Enter Date4:,2009-12-08,Enter price:,16.040001,Exit price:,16.360001,Profit rate:,-1.9950123444506036 %,
Enter Date5:,2009-12-09,Enter price:,16.379999,Exit price:,16.360001,Profit rate:,0.12208791954139354 %,
	,	,	,	,Cumulative for 5 days:,,Profit rate:,2.785044085784252 %,
	,	,	,	,Total cumulative:,,Profit rate:,-4.778519176179598 %,
Exit 5th day:,2009-12-03
		    to
		2009-12-09,Enter price:,16.870001,Exit price:,16.360001,Profit rate:,3.0231177816764685 %,
,,Win:,4,Lose:,1,,,
======================================================================================
Number: ,8,,,,,,,
Found Date: ,2010-06-09,	,	,	,	,	,	,
Enter Date1:,2010-06-10,Enter price:,15.5,Exit price:,15.92,Profit rate:,-2.709677419354838 %,
Enter Date2:,2010-06-11,Enter price:,15.71,Exit price:,16.32,Profit rate:,-3.8828771483131725 %,
Enter Date3:,2010-06-14,Enter price:,16.469999,Exit price:,16.360001,Profit rate:,0.667868893009653 %,
Enter Date4:,2010-06-15,Enter price:,16.540001,Exit price:,16.309999,Profit rate:,1.3905803270507597 %,
Enter Date5:,2010-06-16,Enter price:,16.25,Exit price:,16.01,Profit rate:,1.4769230769230672 %,
	,	,	,	,Cumulative for 5 days:,,Profit rate:,-3.05718227068453 %,
	,	,	,	,Total cumulative:,,Profit rate:,-7.835701446864128 %,
Exit 5th day:,2010-06-10
		    to
		2010-06-16,Enter price:,15.5,Exit price:,16.01,Profit rate:,-3.2903225806451712 %,
,,Win:,3,Lose:,2,,,
======================================================================================
Number: ,9,,,,,,,
Found Date: ,2010-06-15,	,	,	,	,	,	,
Enter Date1:,2010-06-16,Enter price:,16.25,Exit price:,16.01,Profit rate:,1.4769230769230672 %,
Enter Date2:,2010-06-17,Enter price:,16.059999,Exit price:,16.17,Profit rate:,-0.6849377761480586 %,
Enter Date3:,2010-06-18,Enter price:,16.16,Exit price:,16.030001,Profit rate:,0.804449257425752 %,
Enter Date4:,2010-06-21,Enter price:,16.120001,Exit price:,15.78,Profit rate:,2.1091872140702668 %,
Enter Date5:,2010-06-22,Enter price:,15.75,Exit price:,15.32,Profit rate:,2.7301587301587285 %,
	,	,	,	,Cumulative for 5 days:,,Profit rate:,6.435780502429756 %,
	,	,	,	,Total cumulative:,,Profit rate:,-1.3999209444343723 %,
Exit 5th day:,2010-06-16
		    to
		2010-06-22,Enter price:,16.25,Exit price:,15.32,Profit rate:,5.723076923076921 %,
,,Win:,4,Lose:,1,,,
======================================================================================
Number: ,10,,,,,,,
Found Date: ,2010-09-16,	,	,	,	,	,	,
Enter Date1:,2010-09-17,Enter price:,16.5,Exit price:,16.26,Profit rate:,1.454545454545445 %,
Enter Date2:,2010-09-20,Enter price:,16.299999,Exit price:,16.35,Profit rate:,-0.3067546200463064 %,
Enter Date3:,2010-09-21,Enter price:,16.309999,Exit price:,16.290001,Profit rate:,0.12261190206082215 %,
Enter Date4:,2010-09-22,Enter price:,16.280001,Exit price:,16.15,Profit rate:,0.7985318919820708 %,
Enter Date5:,2010-09-23,Enter price:,15.95,Exit price:,16.16,Profit rate:,-1.3166144200627012 %,
	,	,	,	,Cumulative for 5 days:,,Profit rate:,0.7523202084793301 %,
	,	,	,	,Total cumulative:,,Profit rate:,-0.6476007359550422 %,
Exit 5th day:,2010-09-17
		    to
		2010-09-23,Enter price:,16.5,Exit price:,16.16,Profit rate:,2.0606060606060597 %,
,,Win:,3,Lose:,2,,,
======================================================================================
Number: ,11,,,,,,,
Found Date: ,2010-10-28,	,	,	,	,	,	,
Enter Date1:,2010-10-29,Enter price:,15.6,Exit price:,15.83,Profit rate:,-1.4743589743589771 %,
Enter Date2:,2010-11-01,Enter price:,15.82,Exit price:,15.8,Profit rate:,0.12642225031605292 %,
Enter Date3:,2010-11-02,Enter price:,15.92,Exit price:,16.200001,Profit rate:,-1.7588002512562837 %,
Enter Date4:,2010-11-03,Enter price:,16.0,Exit price:,15.5,Profit rate:,3.125 %,
Enter Date5:,2010-11-04,Enter price:,15.71,Exit price:,15.85,Profit rate:,-0.8911521323997376 %,
	,	,	,	,Cumulative for 5 days:,,Profit rate:,-0.8728891076989453 %,
	,	,	,	,Total cumulative:,,Profit rate:,-1.5204898436539875 %,
Exit 5th day:,2010-10-29
		    to
		2010-11-04,Enter price:,15.6,Exit price:,15.85,Profit rate:,-1.6025641025641029 %,
,,Win:,2,Lose:,3,,,
======================================================================================
Number: ,12,,,,,,,
Found Date: ,2011-01-11,	,	,	,	,	,	,
Enter Date1:,2011-01-12,Enter price:,16.07,Exit price:,16.030001,Profit rate:,0.24890479153703593 %,
Enter Date2:,2011-01-13,Enter price:,16.02,Exit price:,16.040001,Profit rate:,-0.12485018726592137 %,
Enter Date3:,2011-01-14,Enter price:,15.94,Exit price:,15.95,Profit rate:,-0.06273525721455324 %,
Enter Date4:,2011-01-18,Enter price:,15.9,Exit price:,16.0,Profit rate:,-0.6289308176100606 %,
Enter Date5:,2011-01-19,Enter price:,15.92,Exit price:,15.84,Profit rate:,0.5025125628140708 %,
	,	,	,	,Cumulative for 5 days:,,Profit rate:,-0.06509890773942861 %,
	,	,	,	,Total cumulative:,,Profit rate:,-1.5855887513934162 %,
Exit 5th day:,2011-01-12
		    to
		2011-01-19,Enter price:,16.07,Exit price:,15.84,Profit rate:,1.4312383322962066 %,
,,Win:,2,Lose:,3,,,
======================================================================================
Number: ,13,,,,,,,
Found Date: ,2011-04-08,	,	,	,	,	,	,
Enter Date1:,2011-04-11,Enter price:,19.92,Exit price:,19.85,Profit rate:,0.3514056224899612 %,
Enter Date2:,2011-04-12,Enter price:,19.709999,Exit price:,19.74,Profit rate:,-0.15221208281136195 %,
Enter Date3:,2011-04-13,Enter price:,19.799999,Exit price:,19.889999,Profit rate:,-0.4545454775022962 %,
Enter Date4:,2011-04-14,Enter price:,19.77,Exit price:,19.950001,Profit rate:,-0.9104754678806309 %,
Enter Date5:,2011-04-15,Enter price:,19.99,Exit price:,20.129999,Profit rate:,-0.7003451725863087 %,
	,	,	,	,Cumulative for 5 days:,,Profit rate:,-1.8661725782906364 %,
	,	,	,	,Total cumulative:,,Profit rate:,-3.451761329684053 %,
Exit 5th day:,2011-04-11
		    to
		2011-04-15,Enter price:,19.92,Exit price:,20.129999,Profit rate:,-1.0542118473895574 %,
,,Win:,1,Lose:,4,,,
======================================================================================
Number: ,14,,,,,,,
Found Date: ,2011-05-24,	,	,	,	,	,	,
Enter Date1:,2011-05-25,Enter price:,23.190001,Exit price:,23.75,Profit rate:,-2.414829563827967 %,
Enter Date2:,2011-05-26,Enter price:,23.620001,Exit price:,23.57,Profit rate:,0.21168923743905932 %,
Enter Date3:,2011-05-27,Enter price:,23.6,Exit price:,23.9,Profit rate:,-1.271186440677954 %,
Enter Date4:,2011-05-31,Enter price:,24.0,Exit price:,24.41,Profit rate:,-1.708333333333334 %,
Enter Date5:,2011-06-01,Enter price:,24.440001,Exit price:,24.42,Profit rate:,0.08183714886098838 %,
	,	,	,	,Cumulative for 5 days:,,Profit rate:,-5.100822951539207 %,
	,	,	,	,Total cumulative:,,Profit rate:,-8.552584281223261 %,
Exit 5th day:,2011-05-25
		    to
		2011-06-01,Enter price:,23.190001,Exit price:,24.42,Profit rate:,-5.304005808365438 %,
,,Win:,2,Lose:,3,,,
======================================================================================
Number: ,15,,,,,,,
Found Date: ,2011-07-27,	,	,	,	,	,	,
Enter Date1:,2011-07-28,Enter price:,22.91,Exit price:,22.559999,Profit rate:,1.527721518987337 %,
Enter Date2:,2011-07-29,Enter price:,22.379999,Exit price:,22.25,Profit rate:,0.5808713396278593 %,
Enter Date3:,2011-08-01,Enter price:,22.4,Exit price:,21.950001,Profit rate:,2.0089241071428496 %,
Enter Date4:,2011-08-02,Enter price:,21.780001,Exit price:,21.209999,Profit rate:,2.6170889523834218 %,
Enter Date5:,2011-08-03,Enter price:,21.18,Exit price:,21.34,Profit rate:,-0.7554296506137872 %,
	,	,	,	,Cumulative for 5 days:,,Profit rate:,5.979176267527681 %,
	,	,	,	,Total cumulative:,,Profit rate:,-2.5734080136955804 %,
Exit 5th day:,2011-07-28
		    to
		2011-08-03,Enter price:,22.91,Exit price:,21.34,Profit rate:,6.852902662592755 %,
,,Win:,4,Lose:,1,,,
======================================================================================
Number: ,16,,,,,,,
Found Date: ,2011-08-17,	,	,	,	,	,	,
Enter Date1:,2011-08-18,Enter price:,19.34,Exit price:,18.870001,Profit rate:,2.4301913133402344 %,
Enter Date2:,2011-08-19,Enter price:,18.530001,Exit price:,19.309999,Profit rate:,-4.209379157615818 %,
Enter Date3:,2011-08-22,Enter price:,19.68,Exit price:,19.6,Profit rate:,0.4065040650406418 %,
Enter Date4:,2011-08-23,Enter price:,19.66,Exit price:,20.309999,Profit rate:,-3.3062004069176045 %,
Enter Date5:,2011-08-24,Enter price:,20.23,Exit price:,20.34,Profit rate:,-0.5437469105289147 %,
	,	,	,	,Cumulative for 5 days:,,Profit rate:,-5.222631096681462 %,
	,	,	,	,Total cumulative:,,Profit rate:,-7.796039110377042 %,
Exit 5th day:,2011-08-18
		    to
		2011-08-24,Enter price:,19.34,Exit price:,20.34,Profit rate:,-5.170630816959669 %,
,,Win:,2,Lose:,3,,,
======================================================================================
Number: ,17,,,,,,,
Found Date: ,2011-10-26,	,	,	,	,	,	,
Enter Date1:,2011-10-27,Enter price:,25.0,Exit price:,24.5,Profit rate:,2.0 %,
Enter Date2:,2011-10-28,Enter price:,23.559999,Exit price:,24.1,Profit rate:,-2.2920247152811855 %,
Enter Date3:,2011-10-31,Enter price:,23.870001,Exit price:,23.35,Profit rate:,2.1784707926907796 %,
Enter Date4:,2011-11-01,Enter price:,22.540001,Exit price:,22.459999,Profit rate:,0.3549334358947027 %,
Enter Date5:,2011-11-02,Enter price:,22.85,Exit price:,23.48,Profit rate:,-2.757111597374175 %,
	,	,	,	,Cumulative for 5 days:,,Profit rate:,-0.515732084069878 %,
	,	,	,	,Total cumulative:,,Profit rate:,-8.31177119444692 %,
Exit 5th day:,2011-10-27
		    to
		2011-11-02,Enter price:,25.0,Exit price:,23.48,Profit rate:,6.079999999999998 %,
,,Win:,3,Lose:,2,,,
======================================================================================
Number: ,18,,,,,,,
Found Date: ,2011-12-02,	,	,	,	,	,	,
Enter Date1:,2011-12-05,Enter price:,23.4,Exit price:,22.73,Profit rate:,2.8632478632478553 %,
Enter Date2:,2011-12-06,Enter price:,22.85,Exit price:,23.15,Profit rate:,-1.3129102844638825 %,
Enter Date3:,2011-12-07,Enter price:,23.02,Exit price:,22.59,Profit rate:,1.8679409209383133 %,
Enter Date4:,2011-12-08,Enter price:,22.52,Exit price:,21.49,Profit rate:,4.5737122557726515 %,
Enter Date5:,2011-12-09,Enter price:,21.620001,Exit price:,21.99,Profit rate:,-1.711373648872634 %,
	,	,	,	,Cumulative for 5 days:,,Profit rate:,6.280617106622303 %,
	,	,	,	,Total cumulative:,,Profit rate:,-2.031154087824616 %,
Exit 5th day:,2011-12-05
		    to
		2011-12-09,Enter price:,23.4,Exit price:,21.99,Profit rate:,6.025641025641026 %,
,,Win:,3,Lose:,2,,,
======================================================================================
Number: ,19,,,,,,,
Found Date: ,2011-12-16,	,	,	,	,	,	,
Enter Date1:,2011-12-19,Enter price:,20.35,Exit price:,19.85,Profit rate:,2.457002457002457 %,
Enter Date2:,2011-12-20,Enter price:,20.07,Exit price:,20.57,Profit rate:,-2.4912805181863478 %,
Enter Date3:,2011-12-21,Enter price:,20.76,Exit price:,20.299999,Profit rate:,2.2158044315992385 %,
Enter Date4:,2011-12-22,Enter price:,20.299999,Exit price:,20.299999,Profit rate:,0.0 %,
Enter Date5:,2011-12-23,Enter price:,20.4,Exit price:,20.709999,Profit rate:,-1.5196029411764769 %,
	,	,	,	,Cumulative for 5 days:,,Profit rate:,0.6619234292388707 %,
	,	,	,	,Total cumulative:,,Profit rate:,-1.3692306585857452 %,
Exit 5th day:,2011-12-19
		    to
		2011-12-23,Enter price:,20.35,Exit price:,20.709999,Profit rate:,-1.7690368550368472 %,
,,Win:,3,Lose:,2,,,
======================================================================================
Number: ,20,,,,,,,
Found Date: ,2011-12-28,	,	,	,	,	,	,
Enter Date1:,2011-12-29,Enter price:,20.59,Exit price:,20.860001,Profit rate:,-1.311321029626035 %,
Enter Date2:,2011-12-30,Enter price:,20.85,Exit price:,20.6,Profit rate:,1.1990407673860912 %,
Enter Date3:,2012-01-03,Enter price:,21.049999,Exit price:,21.299999,Profit rate:,-1.187648512477364 %,
Enter Date4:,2012-01-04,Enter price:,21.120001,Exit price:,20.290001,Profit rate:,3.929924056348285 %,
Enter Date5:,2012-01-05,Enter price:,20.4,Exit price:,20.530001,Profit rate:,-0.6372598039215688 %,
	,	,	,	,Cumulative for 5 days:,,Profit rate:,1.9927354777094086 %,
	,	,	,	,Total cumulative:,,Profit rate:,0.6235048191236634 %,
Exit 5th day:,2011-12-29
		    to
		2012-01-05,Enter price:,20.59,Exit price:,20.530001,Profit rate:,0.2913987372510988 %,
,,Win:,2,Lose:,3,,,
======================================================================================
Number: ,21,,,,,,,
Found Date: ,2012-01-24,	,	,	,	,	,	,
Enter Date1:,2012-01-25,Enter price:,17.77,Exit price:,18.040001,Profit rate:,-1.5194203714124963 %,
Enter Date2:,2012-01-26,Enter price:,18.049999,Exit price:,17.66,Profit rate:,2.1606593994825127 %,
Enter Date3:,2012-01-27,Enter price:,17.51,Exit price:,18.139999,Profit rate:,-3.59793832095944 %,
Enter Date4:,2012-01-30,Enter price:,18.0,Exit price:,18.030001,Profit rate:,-0.1666722222222145 %,
Enter Date5:,2012-01-31,Enter price:,18.15,Exit price:,18.58,Profit rate:,-2.3691460055096405 %,
	,	,	,	,Cumulative for 5 days:,,Profit rate:,-5.492517520621279 %,
	,	,	,	,Total cumulative:,,Profit rate:,-4.869012701497615 %,
Exit 5th day:,2012-01-25
		    to
		2012-01-31,Enter price:,17.77,Exit price:,18.58,Profit rate:,-4.558244231851428 %,
,,Win:,1,Lose:,4,,,
======================================================================================
Number: ,22,,,,,,,
Found Date: ,2012-02-24,	,	,	,	,	,	,
Enter Date1:,2012-02-27,Enter price:,16.809999,Exit price:,16.809999,Profit rate:,0.0 %,
Enter Date2:,2012-02-28,Enter price:,16.83,Exit price:,16.709999,Profit rate:,0.7130184194889987 %,
Enter Date3:,2012-02-29,Enter price:,16.620001,Exit price:,16.34,Profit rate:,1.6847231236628604 %,
Enter Date4:,2012-03-01,Enter price:,16.33,Exit price:,16.690001,Profit rate:,-2.2045376607470946 %,
Enter Date5:,2012-03-02,Enter price:,16.65,Exit price:,16.780001,Profit rate:,-0.780786786786787 %,
	,	,	,	,Cumulative for 5 days:,,Profit rate:,-0.5875829043820227 %,
	,	,	,	,Total cumulative:,,Profit rate:,-5.456595605879638 %,
Exit 5th day:,2012-02-27
		    to
		2012-03-02,Enter price:,16.809999,Exit price:,16.780001,Profit rate:,0.17845331222210442 %,
,,Win:,3,Lose:,2,,,
======================================================================================
Number: ,23,,,,,,,
Found Date: ,2012-05-15,	,	,	,	,	,	,
Enter Date1:,2012-05-16,Enter price:,14.44,Exit price:,14.41,Profit rate:,0.20775623268697618 %,
Enter Date2:,2012-05-17,Enter price:,14.39,Exit price:,14.24,Profit rate:,1.0423905489923582 %,
Enter Date3:,2012-05-18,Enter price:,14.24,Exit price:,14.1,Profit rate:,0.9831460674157343 %,
Enter Date4:,2012-05-21,Enter price:,14.1,Exit price:,14.38,Profit rate:,-1.9858156028368874 %,
Enter Date5:,2012-05-22,Enter price:,14.36,Exit price:,14.26,Profit rate:,0.696378830083563 %,
	,	,	,	,Cumulative for 5 days:,,Profit rate:,0.9438560763417442 %,
	,	,	,	,Total cumulative:,,Profit rate:,-4.512739529537894 %,
Exit 5th day:,2012-05-16
		    to
		2012-05-22,Enter price:,14.44,Exit price:,14.26,Profit rate:,1.2465373961218817 %,
,,Win:,4,Lose:,1,,,
======================================================================================
Number: ,24,,,,,,,
Found Date: ,2012-06-11,	,	,	,	,	,	,
Enter Date1:,2012-06-12,Enter price:,12.91,Exit price:,12.79,Profit rate:,0.9295120061967544 %,
Enter Date2:,2012-06-13,Enter price:,12.75,Exit price:,12.29,Profit rate:,3.607843137254909 %,
Enter Date3:,2012-06-14,Enter price:,12.34,Exit price:,12.32,Profit rate:,0.16207455429497222 %,
Enter Date4:,2012-06-15,Enter price:,12.31,Exit price:,12.44,Profit rate:,-1.0560519902518197 %,
Enter Date5:,2012-06-18,Enter price:,12.27,Exit price:,12.43,Profit rate:,-1.303993480032601 %,
	,	,	,	,Cumulative for 5 days:,,Profit rate:,2.339384227462215 %,
	,	,	,	,Total cumulative:,,Profit rate:,-2.173355302075679 %,
Exit 5th day:,2012-06-12
		    to
		2012-06-18,Enter price:,12.91,Exit price:,12.43,Profit rate:,3.71804802478699 %,
,,Win:,3,Lose:,2,,,
======================================================================================
Number: ,25,,,,,,,
Found Date: ,2012-07-10,	,	,	,	,	,	,
Enter Date1:,2012-07-11,Enter price:,11.62,Exit price:,11.68,Profit rate:,-0.5163511187607616 %,
Enter Date2:,2012-07-12,Enter price:,11.72,Exit price:,11.59,Profit rate:,1.109215017064853 %,
Enter Date3:,2012-07-13,Enter price:,11.62,Exit price:,11.71,Profit rate:,-0.7745266781411502 %,
Enter Date4:,2012-07-16,Enter price:,11.67,Exit price:,11.53,Profit rate:,1.199657240788351 %,
Enter Date5:,2012-07-17,Enter price:,11.59,Exit price:,11.36,Profit rate:,1.9844693701466818 %,
	,	,	,	,Cumulative for 5 days:,,Profit rate:,3.002463831097974 %,
	,	,	,	,Total cumulative:,,Profit rate:,0.829108529022295 %,
Exit 5th day:,2012-07-11
		    to
		2012-07-17,Enter price:,11.62,Exit price:,11.36,Profit rate:,2.2375215146299468 %,
,,Win:,3,Lose:,2,,,
======================================================================================
Number: ,26,,,,,,,
Found Date: ,2012-07-12,	,	,	,	,	,	,
Enter Date1:,2012-07-13,Enter price:,11.62,Exit price:,11.71,Profit rate:,-0.7745266781411502 %,
Enter Date2:,2012-07-16,Enter price:,11.67,Exit price:,11.53,Profit rate:,1.199657240788351 %,
Enter Date3:,2012-07-17,Enter price:,11.59,Exit price:,11.36,Profit rate:,1.9844693701466818 %,
Enter Date4:,2012-07-18,Enter price:,11.34,Exit price:,11.5,Profit rate:,-1.4109347442680789 %,
Enter Date5:,2012-07-19,Enter price:,11.55,Exit price:,12.27,Profit rate:,-6.233766233766223 %,
	,	,	,	,Cumulative for 5 days:,,Profit rate:,-5.23510104524042 %,
	,	,	,	,Total cumulative:,,Profit rate:,-4.405992516218125 %,
Exit 5th day:,2012-07-13
		    to
		2012-07-19,Enter price:,11.62,Exit price:,12.27,Profit rate:,-5.593803786574875 %,
,,Win:,2,Lose:,3,,,
======================================================================================
Number: ,27,,,,,,,
Found Date: ,2012-07-26,	,	,	,	,	,	,
Enter Date1:,2012-07-27,Enter price:,11.04,Exit price:,11.41,Profit rate:,-3.351449275362328 %,
Enter Date2:,2012-07-30,Enter price:,11.29,Exit price:,11.23,Profit rate:,0.5314437555358611 %,
Enter Date3:,2012-07-31,Enter price:,11.1,Exit price:,11.02,Profit rate:,0.7207207207207215 %,
Enter Date4:,2012-08-01,Enter price:,11.5,Exit price:,11.68,Profit rate:,-1.5652173913043455 %,
Enter Date5:,2012-08-02,Enter price:,11.4,Exit price:,11.37,Profit rate:,0.2631578947368521 %,
	,	,	,	,Cumulative for 5 days:,,Profit rate:,-3.401344295673239 %,
	,	,	,	,Total cumulative:,,Profit rate:,-7.807336811891364 %,
Exit 5th day:,2012-07-27
		    to
		2012-08-02,Enter price:,11.04,Exit price:,11.37,Profit rate:,-2.9891304347826093 %,
,,Win:,3,Lose:,2,,,
======================================================================================
Number: ,28,,,,,,,
Found Date: ,2012-09-25,	,	,	,	,	,	,
Enter Date1:,2012-09-26,Enter price:,12.42,Exit price:,12.6,Profit rate:,-1.4492753623188384 %,
Enter Date2:,2012-09-27,Enter price:,12.67,Exit price:,12.78,Profit rate:,-0.8681925808997588 %,
Enter Date3:,2012-09-28,Enter price:,12.69,Exit price:,12.69,Profit rate:,0.0 %,
Enter Date4:,2012-10-01,Enter price:,12.73,Exit price:,12.35,Profit rate:,2.985074626865678 %,
Enter Date5:,2012-10-02,Enter price:,12.41,Exit price:,12.65,Profit rate:,-1.933924254633362 %,
	,	,	,	,Cumulative for 5 days:,,Profit rate:,-1.266317570986281 %,
	,	,	,	,Total cumulative:,,Profit rate:,-9.073654382877645 %,
Exit 5th day:,2012-09-26
		    to
		2012-10-02,Enter price:,12.42,Exit price:,12.65,Profit rate:,-1.8518518518518552 %,
,,Win:,2,Lose:,3,,,
======================================================================================
Number: ,29,,,,,,,
Found Date: ,2012-11-14,	,	,	,	,	,	,
Enter Date1:,2012-11-15,Enter price:,12.78,Exit price:,13.05,Profit rate:,-2.1126760563380387 %,
Enter Date2:,2012-11-16,Enter price:,13.15,Exit price:,13.05,Profit rate:,0.7604562737642558 %,
Enter Date3:,2012-11-19,Enter price:,13.22,Exit price:,13.71,Profit rate:,-3.706505295007566 %,
Enter Date4:,2012-11-20,Enter price:,13.63,Exit price:,13.86,Profit rate:,-1.6874541452677816 %,
Enter Date5:,2012-11-21,Enter price:,13.77,Exit price:,13.97,Profit rate:,-1.4524328249818523 %,
	,	,	,	,Cumulative for 5 days:,,Profit rate:,-8.198612047830983 %,
	,	,	,	,Total cumulative:,,Profit rate:,-17.272266430708626 %,
Exit 5th day:,2012-11-15
		    to
		2012-11-21,Enter price:,12.78,Exit price:,13.97,Profit rate:,-9.311424100156506 %,
,,Win:,1,Lose:,4,,,
======================================================================================
Number: ,30,,,,,,,
Found Date: ,2013-01-23,	,	,	,	,	,	,
Enter Date1:,2013-01-24,Enter price:,14.05,Exit price:,14.26,Profit rate:,-1.4946619217081785 %,
Enter Date2:,2013-01-25,Enter price:,14.31,Exit price:,14.77,Profit rate:,-3.2145352900069812 %,
Enter Date3:,2013-01-28,Enter price:,14.98,Exit price:,15.04,Profit rate:,-0.4005340453938499 %,
Enter Date4:,2013-01-29,Enter price:,15.18,Exit price:,14.95,Profit rate:,1.515151515151518 %,
Enter Date5:,2013-01-30,Enter price:,14.94,Exit price:,15.08,Profit rate:,-0.9370816599732301 %,
	,	,	,	,Cumulative for 5 days:,,Profit rate:,-4.531661401930721 %,
	,	,	,	,Total cumulative:,,Profit rate:,-21.803927832639346 %,
Exit 5th day:,2013-01-24
		    to
		2013-01-30,Enter price:,14.05,Exit price:,15.08,Profit rate:,-7.330960854092522 %,
,,Win:,1,Lose:,4,,,
======================================================================================
Number: ,31,,,,,,,
Found Date: ,2013-03-19,	,	,	,	,	,	,
Enter Date1:,2013-03-20,Enter price:,17.18,Exit price:,17.34,Profit rate:,-0.9313154831199077 %,
Enter Date2:,2013-03-21,Enter price:,17.58,Exit price:,17.700001,Profit rate:,-0.6825995449374405 %,
Enter Date3:,2013-03-22,Enter price:,17.68,Exit price:,17.969999,Profit rate:,-1.640265837104082 %,
Enter Date4:,2013-03-25,Enter price:,18.120001,Exit price:,17.559999,Profit rate:,3.090518593238473 %,
Enter Date5:,2013-03-26,Enter price:,18.110001,Exit price:,17.77,Profit rate:,1.8774212105234056 %,
	,	,	,	,Cumulative for 5 days:,,Profit rate:,1.7137589386004481 %,
	,	,	,	,Total cumulative:,,Profit rate:,-20.090168894038896 %,
Exit 5th day:,2013-03-20
		    to
		2013-03-26,Enter price:,17.18,Exit price:,17.77,Profit rate:,-3.4342258440046556 %,
,,Win:,2,Lose:,3,,,
======================================================================================
Number: ,32,,,,,,,
Found Date: ,2013-03-25,	,	,	,	,	,	,
Enter Date1:,2013-03-26,Enter price:,18.110001,Exit price:,17.77,Profit rate:,1.8774212105234056 %,
Enter Date2:,2013-03-27,Enter price:,17.76,Exit price:,17.790001,Profit rate:,-0.16892454954954172 %,
Enter Date3:,2013-03-28,Enter price:,17.629999,Exit price:,17.700001,Profit rate:,-0.39706184895415353 %,
Enter Date4:,2013-04-01,Enter price:,17.610001,Exit price:,17.92,Profit rate:,-1.7603576513141663 %,
Enter Date5:,2013-04-02,Enter price:,17.75,Exit price:,17.549999,Profit rate:,1.1267661971831004 %,
	,	,	,	,Cumulative for 5 days:,,Profit rate:,0.6778433578886445 %,
	,	,	,	,Total cumulative:,,Profit rate:,-19.412325536150252 %,
Exit 5th day:,2013-03-26
		    to
		2013-04-02,Enter price:,18.110001,Exit price:,17.549999,Profit rate:,3.092225119148258 %,
,,Win:,2,Lose:,3,,,
======================================================================================
Number: ,33,,,,,,,
Found Date: ,2013-10-21,	,	,	,	,	,	,
Enter Date1:,2013-10-22,Enter price:,24.49,Exit price:,25.23,Profit rate:,-3.0216414863209557 %,
Enter Date2:,2013-10-23,Enter price:,25.219999,Exit price:,24.610001,Profit rate:,2.4187074710034717 %,
Enter Date3:,2013-10-24,Enter price:,24.700001,Exit price:,24.74,Profit rate:,-0.1619392646988076 %,
Enter Date4:,2013-10-25,Enter price:,24.870001,Exit price:,24.75,Profit rate:,0.4825130485519421 %,
Enter Date5:,2013-10-28,Enter price:,24.66,Exit price:,24.83,Profit rate:,-0.6893755068937476 %,
	,	,	,	,Cumulative for 5 days:,,Profit rate:,-0.9717357383580971 %,
	,	,	,	,Total cumulative:,,Profit rate:,-20.384061274508348 %,
Exit 5th day:,2013-10-22
		    to
		2013-10-28,Enter price:,24.49,Exit price:,24.83,Profit rate:,-1.3883217639852996 %,
,,Win:,2,Lose:,3,,,
======================================================================================
Number: ,34,,,,,,,
Found Date: ,2013-10-29,	,	,	,	,	,	,
Enter Date1:,2013-10-30,Enter price:,26.129999,Exit price:,26.0,Profit rate:,0.49750862983194727 %,
Enter Date2:,2013-10-31,Enter price:,25.85,Exit price:,26.25,Profit rate:,-1.5473887814313292 %,
Enter Date3:,2013-11-01,Enter price:,26.24,Exit price:,25.629999,Profit rate:,2.3246989329268177 %,
Enter Date4:,2013-11-04,Enter price:,25.67,Exit price:,25.73,Profit rate:,-0.23373587845733818 %,
Enter Date5:,2013-11-05,Enter price:,25.629999,Exit price:,25.559999,Profit rate:,0.27311745115557856 %,
	,	,	,	,Cumulative for 5 days:,,Profit rate:,1.3142003540256761 %,
	,	,	,	,Total cumulative:,,Profit rate:,-19.06986092048267 %,
Exit 5th day:,2013-10-30
		    to
		2013-11-05,Enter price:,26.129999,Exit price:,25.559999,Profit rate:,2.181400772345993 %,
,,Win:,3,Lose:,2,,,
======================================================================================
Number: ,35,,,,,,,
Found Date: ,2014-01-09,	,	,	,	,	,	,
Enter Date1:,2014-01-10,Enter price:,22.790001,Exit price:,23.01,Profit rate:,-0.9653312432939402 %,
Enter Date2:,2014-01-13,Enter price:,23.01,Exit price:,22.379999,Profit rate:,2.7379443720121683 %,
Enter Date3:,2014-01-14,Enter price:,22.6,Exit price:,22.459999,Profit rate:,0.6194734513274407 %,
Enter Date4:,2014-01-15,Enter price:,22.6,Exit price:,21.93,Profit rate:,2.9646017699115115 %,
Enter Date5:,2014-01-16,Enter price:,21.860001,Exit price:,21.540001,Profit rate:,1.4638608662460733 %,
	,	,	,	,Cumulative for 5 days:,,Profit rate:,6.820549216203254 %,
	,	,	,	,Total cumulative:,,Profit rate:,-12.249311704279418 %,
Exit 5th day:,2014-01-10
		    to
		2014-01-16,Enter price:,22.790001,Exit price:,21.540001,Profit rate:,5.484861540813447 %,
,,Win:,4,Lose:,1,,,
======================================================================================
Number: ,36,,,,,,,
Found Date: ,2014-03-21,	,	,	,	,	,	,
Enter Date1:,2014-03-24,Enter price:,29.889999,Exit price:,29.0,Profit rate:,2.9775812304309532 %,
Enter Date2:,2014-03-25,Enter price:,29.24,Exit price:,29.290001,Profit rate:,-0.1710020519835901 %,
Enter Date3:,2014-03-26,Enter price:,29.370001,Exit price:,28.57,Profit rate:,2.7238712044987614 %,
Enter Date4:,2014-03-27,Enter price:,28.43,Exit price:,28.48,Profit rate:,-0.17587055926838097 %,
Enter Date5:,2014-03-28,Enter price:,28.620001,Exit price:,28.530001,Profit rate:,0.314465397817421 %,
	,	,	,	,Cumulative for 5 days:,,Profit rate:,5.669045221495165 %,
	,	,	,	,Total cumulative:,,Profit rate:,-6.5802664827842525 %,
Exit 5th day:,2014-03-24
		    to
		2014-03-28,Enter price:,29.889999,Exit price:,28.530001,Profit rate:,4.550010189026774 %,
,,Win:,3,Lose:,2,,,
======================================================================================
Number: ,37,,,,,,,
Found Date: ,2014-04-24,	,	,	,	,	,	,
Enter Date1:,2014-04-25,Enter price:,28.049999,Exit price:,28.209999,Profit rate:,-0.570410002510161 %,
Enter Date2:,2014-04-28,Enter price:,28.34,Exit price:,28.18,Profit rate:,0.5645730416372623 %,
Enter Date3:,2014-04-29,Enter price:,28.219999,Exit price:,28.059999,Profit rate:,0.5669737975539976 %,
Enter Date4:,2014-04-30,Enter price:,28.07,Exit price:,28.299999,Profit rate:,-0.8193765586034891 %,
Enter Date5:,2014-05-01,Enter price:,28.48,Exit price:,28.74,Profit rate:,-0.9129213483145998 %,
	,	,	,	,Cumulative for 5 days:,,Profit rate:,-1.1711610702369901 %,
	,	,	,	,Total cumulative:,,Profit rate:,-7.751427553021243 %,
Exit 5th day:,2014-04-25
		    to
		2014-05-01,Enter price:,28.049999,Exit price:,28.74,Profit rate:,-2.4598967008875783 %,
,,Win:,2,Lose:,3,,,
======================================================================================
Number: ,38,,,,,,,
Found Date: ,2014-05-06,	,	,	,	,	,	,
Enter Date1:,2014-05-07,Enter price:,32.330002,Exit price:,33.950001,Profit rate:,-5.010822455253792 %,
Enter Date2:,2014-05-08,Enter price:,33.400002,Exit price:,34.279999,Profit rate:,-2.6347213991184666 %,
Enter Date3:,2014-05-09,Enter price:,34.049999,Exit price:,35.119999,Profit rate:,-3.142437684065719 %,
Enter Date4:,2014-05-12,Enter price:,35.310001,Exit price:,35.310001,Profit rate:,0.0 %,
Enter Date5:,2014-05-13,Enter price:,35.389999,Exit price:,35.040001,Profit rate:,0.9889743144666561 %,
	,	,	,	,Cumulative for 5 days:,,Profit rate:,-9.799007223971321 %,
	,	,	,	,Total cumulative:,,Profit rate:,-17.550434776992564 %,
Exit 5th day:,2014-05-07
		    to
		2014-05-13,Enter price:,32.330002,Exit price:,35.040001,Profit rate:,-8.382303842727868 %,
,,Win:,2,Lose:,3,,,
======================================================================================
Number: ,39,,,,,,,
Found Date: ,2014-08-07,	,	,	,	,	,	,
Enter Date1:,2014-08-08,Enter price:,33.349998,Exit price:,34.290001,Profit rate:,-2.8185998691813934 %,
Enter Date2:,2014-08-11,Enter price:,34.34,Exit price:,35.07,Profit rate:,-2.1258008153756456 %,
Enter Date3:,2014-08-12,Enter price:,35.049999,Exit price:,35.549999,Profit rate:,-1.4265335642377621 %,
Enter Date4:,2014-08-13,Enter price:,35.59,Exit price:,36.41,Profit rate:,-2.304017982579357 %,
Enter Date5:,2014-08-14,Enter price:,36.380001,Exit price:,36.59,Profit rate:,-0.5772374772612111 %,
	,	,	,	,Cumulative for 5 days:,,Profit rate:,-9.252189708635369 %,
	,	,	,	,Total cumulative:,,Profit rate:,-26.80262448562793 %,
Exit 5th day:,2014-08-08
		    to
		2014-08-14,Enter price:,33.349998,Exit price:,36.59,Profit rate:,-9.71514900840475 %,
,,Win:,0,Lose:,5,,,
======================================================================================
Number: ,40,,,,,,,
Found Date: ,2014-08-15,	,	,	,	,	,	,
Enter Date1:,2014-08-18,Enter price:,36.860001,Exit price:,36.669998,Profit rate:,0.5154720424451352 %,
Enter Date2:,2014-08-19,Enter price:,36.619999,Exit price:,37.009998,Profit rate:,-1.0649891060892795 %,
Enter Date3:,2014-08-20,Enter price:,37.0,Exit price:,37.560001,Profit rate:,-1.5135162162162157 %,
Enter Date4:,2014-08-21,Enter price:,37.669998,Exit price:,37.759998,Profit rate:,-0.2389169226927047 %,
Enter Date5:,2014-08-22,Enter price:,37.720001,Exit price:,38.16,Profit rate:,-1.1664872437304366 %,
	,	,	,	,Cumulative for 5 days:,,Profit rate:,-3.4684374462835015 %,
	,	,	,	,Total cumulative:,,Profit rate:,-30.271061931911433 %,
Exit 5th day:,2014-08-18
		    to
		2014-08-22,Enter price:,36.860001,Exit price:,38.16,Profit rate:,-3.5268555744206296 %,
,,Win:,1,Lose:,4,,,
======================================================================================
Number: ,41,,,,,,,
Found Date: ,2014-08-25,	,	,	,	,	,	,
Enter Date1:,2014-08-26,Enter price:,37.689999,Exit price:,37.560001,Profit rate:,0.34491377938216583 %,
Enter Date2:,2014-08-27,Enter price:,37.5,Exit price:,37.220001,Profit rate:,0.7466639999999908 %,
Enter Date3:,2014-08-28,Enter price:,37.080002,Exit price:,37.099998,Profit rate:,-0.05392664218302635 %,
Enter Date4:,2014-08-29,Enter price:,36.75,Exit price:,37.84,Profit rate:,-2.9659863945578326 %,
Enter Date5:,2014-09-02,Enter price:,37.82,Exit price:,38.009998,Profit rate:,-0.5023744050766863 %,
	,	,	,	,Cumulative for 5 days:,,Profit rate:,-2.4307096624353886 %,
	,	,	,	,Total cumulative:,,Profit rate:,-32.70177159434682 %,
Exit 5th day:,2014-08-26
		    to
		2014-09-02,Enter price:,37.689999,Exit price:,38.009998,Profit rate:,-0.8490289426646119 %,
,,Win:,2,Lose:,3,,,
======================================================================================
Number: ,42,,,,,,,
Found Date: ,2015-01-13,	,	,	,	,	,	,
Enter Date1:,2015-01-14,Enter price:,45.52,Exit price:,46.900002,Profit rate:,-3.0316388400702934 %,
Enter Date2:,2015-01-15,Enter price:,46.93,Exit price:,46.639999,Profit rate:,0.6179437460046806 %,
Enter Date3:,2015-01-16,Enter price:,46.669998,Exit price:,48.09,Profit rate:,-3.0426442272399576 %,
Enter Date4:,2015-01-20,Enter price:,48.240002,Exit price:,47.810001,Profit rate:,0.8913784870904384 %,
Enter Date5:,2015-01-21,Enter price:,47.709999,Exit price:,48.07,Profit rate:,-0.7545609045181428 %,
	,	,	,	,Cumulative for 5 days:,,Profit rate:,-5.3195217387332745 %,
	,	,	,	,Total cumulative:,,Profit rate:,-38.021293333080095 %,
Exit 5th day:,2015-01-14
		    to
		2015-01-21,Enter price:,45.52,Exit price:,48.07,Profit rate:,-5.60193321616871 %,
,,Win:,2,Lose:,3,,,
======================================================================================
Number: ,43,,,,,,,
Found Date: ,2015-02-25,	,	,	,	,	,	,
Enter Date1:,2015-02-26,Enter price:,57.490002,Exit price:,57.73,Profit rate:,-0.4174604133776164 %,
Enter Date2:,2015-02-27,Enter price:,56.810001,Exit price:,57.18,Profit rate:,-0.6512920145873611 %,
Enter Date3:,2015-03-02,Enter price:,57.18,Exit price:,57.450001,Profit rate:,-0.4721948233648139 %,
Enter Date4:,2015-03-03,Enter price:,57.25,Exit price:,56.669998,Profit rate:,1.013103930131005 %,
Enter Date5:,2015-03-04,Enter price:,56.48,Exit price:,57.200001,Profit rate:,-1.2747893059490147 %,
	,	,	,	,Cumulative for 5 days:,,Profit rate:,-1.8026326271478013 %,
	,	,	,	,Total cumulative:,,Profit rate:,-39.823925960227896 %,
Exit 5th day:,2015-02-26
		    to
		2015-03-04,Enter price:,57.490002,Exit price:,57.200001,Profit rate:,0.5044372758936356 %,
,,Win:,1,Lose:,4,,,
======================================================================================
Number: ,44,,,,,,,
Found Date: ,2015-06-08,	,	,	,	,	,	,
Enter Date1:,2015-06-09,Enter price:,61.580002,Exit price:,61.779999,Profit rate:,-0.32477589071854235 %,
Enter Date2:,2015-06-10,Enter price:,62.139999,Exit price:,62.529999,Profit rate:,-0.627615072861513 %,
Enter Date3:,2015-06-11,Enter price:,62.48,Exit price:,62.59,Profit rate:,-0.1760563380281795 %,
Enter Date4:,2015-06-12,Enter price:,62.540001,Exit price:,62.75,Profit rate:,-0.33578349319182677 %,
Enter Date5:,2015-06-15,Enter price:,62.060001,Exit price:,61.57,Profit rate:,0.7895600904034782 %,
	,	,	,	,Cumulative for 5 days:,,Profit rate:,-0.6746707043965833 %,
	,	,	,	,Total cumulative:,,Profit rate:,-40.49859666462448 %,
Exit 5th day:,2015-06-09
		    to
		2015-06-15,Enter price:,61.580002,Exit price:,61.57,Profit rate:,0.016242285929123655 %,
,,Win:,1,Lose:,4,,,
======================================================================================
Number: ,45,,,,,,,
Found Date: ,2015-07-21,	,	,	,	,	,	,
Enter Date1:,2015-07-22,Enter price:,73.639999,Exit price:,72.919998,Profit rate:,0.9777308660745587 %,
Enter Date2:,2015-07-23,Enter price:,73.32,Exit price:,71.809998,Profit rate:,2.059468085106383 %,
Enter Date3:,2015-07-24,Enter price:,71.809998,Exit price:,72.290001,Profit rate:,-0.6684347770069715 %,
Enter Date4:,2015-07-27,Enter price:,72.43,Exit price:,71.220001,Profit rate:,1.6705771089327768 %,
Enter Date5:,2015-07-28,Enter price:,72.019997,Exit price:,71.800003,Profit rate:,0.30546238428751915 %,
	,	,	,	,Cumulative for 5 days:,,Profit rate:,4.344803667394267 %,
	,	,	,	,Total cumulative:,,Profit rate:,-36.15379299723021 %,
Exit 5th day:,2015-07-22
		    to
		2015-07-28,Enter price:,73.639999,Exit price:,71.800003,Profit rate:,2.498636644468177 %,
,,Win:,4,Lose:,1,,,
======================================================================================
Number: ,46,,,,,,,
Found Date: ,2015-07-27,	,	,	,	,	,	,
Enter Date1:,2015-07-28,Enter price:,72.019997,Exit price:,71.800003,Profit rate:,0.30546238428751915 %,
Enter Date2:,2015-07-29,Enter price:,71.910004,Exit price:,72.18,Profit rate:,-0.3754637532769517 %,
Enter Date3:,2015-07-30,Enter price:,72.010002,Exit price:,72.300003,Profit rate:,-0.4027232216991241 %,
Enter Date4:,2015-07-31,Enter price:,71.029999,Exit price:,71.550003,Profit rate:,-0.7320906762225916 %,
Enter Date5:,2015-08-03,Enter price:,71.279999,Exit price:,70.970001,Profit rate:,0.43490180183645527 %,
	,	,	,	,Cumulative for 5 days:,,Profit rate:,-0.769913465074693 %,
	,	,	,	,Total cumulative:,,Profit rate:,-36.92370646230491 %,
Exit 5th day:,2015-07-28
		    to
		2015-08-03,Enter price:,72.019997,Exit price:,70.970001,Profit rate:,1.4579228599523646 %,
,,Win:,2,Lose:,3,,,
======================================================================================
Number: ,47,,,,,,,
Found Date: ,2015-11-23,	,	,	,	,	,	,
Enter Date1:,2015-11-24,Enter price:,68.43,Exit price:,67.059998,Profit rate:,2.0020488090019195 %,
Enter Date2:,2015-11-25,Enter price:,67.300003,Exit price:,69.510002,Profit rate:,-3.2838022310340698 %,
Enter Date3:,2015-11-27,Enter price:,69.629997,Exit price:,68.879997,Profit rate:,1.077121976610167 %,
Enter Date4:,2015-11-30,Enter price:,69.190002,Exit price:,67.790001,Profit rate:,2.0234151749265785 %,
Enter Date5:,2015-12-01,Enter price:,68.040001,Exit price:,68.629997,Profit rate:,-0.8671310866088895 %,
	,	,	,	,Cumulative for 5 days:,,Profit rate:,0.9516526428957057 %,
	,	,	,	,Total cumulative:,,Profit rate:,-35.9720538194092 %,
Exit 5th day:,2015-11-24
		    to
		2015-12-01,Enter price:,68.43,Exit price:,68.629997,Profit rate:,-0.29226508841150983 %,
,,Win:,3,Lose:,2,,,
======================================================================================
Number: ,48,,,,,,,
Found Date: ,2015-12-03,	,	,	,	,	,	,
Enter Date1:,2015-12-04,Enter price:,68.379997,Exit price:,70.379997,Profit rate:,-2.924831950489849 %,
Enter Date2:,2015-12-07,Enter price:,70.739998,Exit price:,70.790001,Profit rate:,-0.0706856112718632 %,
Enter Date3:,2015-12-08,Enter price:,70.400002,Exit price:,70.989998,Profit rate:,-0.838062476191406 %,
Enter Date4:,2015-12-09,Enter price:,70.75,Exit price:,67.089996,Profit rate:,5.173150530035336 %,
Enter Date5:,2015-12-10,Enter price:,67.510002,Exit price:,66.370003,Profit rate:,1.6886371889012879 %,
	,	,	,	,Cumulative for 5 days:,,Profit rate:,3.0282076809835066 %,
	,	,	,	,Total cumulative:,,Profit rate:,-32.94384613842569 %,
Exit 5th day:,2015-12-04
		    to
		2015-12-10,Enter price:,68.379997,Exit price:,66.370003,Profit rate:,2.939447335746455 %,
,,Win:,2,Lose:,3,,,
======================================================================================
Number: ,49,,,,,,,
Found Date: ,2015-12-23,	,	,	,	,	,	,
Enter Date1:,2015-12-24,Enter price:,68.690002,Exit price:,68.949997,Profit rate:,-0.378504865962865 %,
Enter Date2:,2015-12-28,Enter price:,68.589996,Exit price:,69.190002,Profit rate:,-0.8747718836432175 %,
Enter Date3:,2015-12-29,Enter price:,69.5,Exit price:,69.849998,Profit rate:,-0.5035942446043157 %,
Enter Date4:,2015-12-30,Enter price:,69.889999,Exit price:,69.650002,Profit rate:,0.3433924788008688 %,
Enter Date5:,2015-12-31,Enter price:,69.440002,Exit price:,68.720001,Profit rate:,1.0368677696754824 %,
	,	,	,	,Cumulative for 5 days:,,Profit rate:,-0.37661074573404685 %,
	,	,	,	,Total cumulative:,,Profit rate:,-33.32045688415974 %,
Exit 5th day:,2015-12-24
		    to
		2015-12-31,Enter price:,68.690002,Exit price:,68.720001,Profit rate:,-0.04367302245818751 %,
,,Win:,2,Lose:,3,,,
======================================================================================
Number: ,50,,,,,,,
Found Date: ,2016-01-13,	,	,	,	,	,	,
Enter Date1:,2016-01-14,Enter price:,63.299999,Exit price:,64.480003,Profit rate:,-1.8641453691018175 %,
Enter Date2:,2016-01-15,Enter price:,64.339996,Exit price:,66.059998,Profit rate:,-2.673301378508003 %,
Enter Date3:,2016-01-19,Enter price:,66.839996,Exit price:,67.370003,Profit rate:,-0.7929488804876613 %,
Enter Date4:,2016-01-20,Enter price:,66.199997,Exit price:,66.849998,Profit rate:,-0.9818746668523312 %,
Enter Date5:,2016-01-21,Enter price:,67.190002,Exit price:,67.029999,Profit rate:,0.23813513206920756 %,
	,	,	,	,Cumulative for 5 days:,,Profit rate:,-6.074135162880605 %,
	,	,	,	,Total cumulative:,,Profit rate:,-39.39459204704035 %,
Exit 5th day:,2016-01-14
		    to
		2016-01-21,Enter price:,63.299999,Exit price:,67.029999,Profit rate:,-5.892575132584132 %,
,,Win:,1,Lose:,4,,,
======================================================================================
Number: ,51,,,,,,,
Found Date: ,2016-04-19,	,	,	,	,	,	,
Enter Date1:,2016-04-20,Enter price:,66.599998,Exit price:,65.800003,Profit rate:,1.2011937297655708 %,
Enter Date2:,2016-04-21,Enter price:,65.830002,Exit price:,66.18,Profit rate:,-0.5316694354650234 %,
Enter Date3:,2016-04-22,Enter price:,65.900002,Exit price:,65.870003,Profit rate:,0.045522001653359075 %,
Enter Date4:,2016-04-25,Enter price:,65.43,Exit price:,65.93,Profit rate:,-0.7641754546843954 %,
Enter Date5:,2016-04-26,Enter price:,65.970001,Exit price:,65.330002,Profit rate:,0.9701364109423056 %,
	,	,	,	,Cumulative for 5 days:,,Profit rate:,0.9210072522118167 %,
	,	,	,	,Total cumulative:,,Profit rate:,-38.47358479482853 %,
Exit 5th day:,2016-04-20
		    to
		2016-04-26,Enter price:,66.599998,Exit price:,65.330002,Profit rate:,1.906900958165203 %,
,,Win:,3,Lose:,2,,,
======================================================================================
Number: ,52,,,,,,,
Found Date: ,2016-04-26,	,	,	,	,	,	,
Enter Date1:,2016-04-27,Enter price:,65.129997,Exit price:,63.349998,Profit rate:,2.7329941378624714 %,
Enter Date2:,2016-04-28,Enter price:,63.119999,Exit price:,62.32,Profit rate:,1.2674255587361458 %,
Enter Date3:,2016-04-29,Enter price:,61.810001,Exit price:,61.849998,Profit rate:,-0.06470959286992993 %,
Enter Date4:,2016-05-02,Enter price:,62.0,Exit price:,62.889999,Profit rate:,-1.435482258064521 %,
Enter Date5:,2016-05-03,Enter price:,62.610001,Exit price:,62.080002,Profit rate:,0.8465085314405226 %,
	,	,	,	,Cumulative for 5 days:,,Profit rate:,3.3467363771046887 %,
	,	,	,	,Total cumulative:,,Profit rate:,-35.12684841772384 %,
Exit 5th day:,2016-04-27
		    to
		2016-05-03,Enter price:,65.129997,Exit price:,62.080002,Profit rate:,4.682934347440555 %,
,,Win:,3,Lose:,2,,,
======================================================================================
Number: ,53,,,,,,,
Found Date: ,2016-08-11,	,	,	,	,	,	,
Enter Date1:,2016-08-12,Enter price:,78.0,Exit price:,77.43,Profit rate:,0.730769230769222 %,
Enter Date2:,2016-08-15,Enter price:,77.589996,Exit price:,79.480003,Profit rate:,-2.4358900598474023 %,
Enter Date3:,2016-08-16,Enter price:,78.779999,Exit price:,78.050003,Profit rate:,0.9266260589823057 %,
Enter Date4:,2016-08-17,Enter price:,78.0,Exit price:,79.769997,Profit rate:,-2.2692269230769275 %,
Enter Date5:,2016-08-18,Enter price:,79.800003,Exit price:,80.980003,Profit rate:,-1.4786966862645263 %,
	,	,	,	,Cumulative for 5 days:,,Profit rate:,-4.526418379437328 %,
	,	,	,	,Total cumulative:,,Profit rate:,-39.65326679716117 %,
Exit 5th day:,2016-08-12
		    to
		2016-08-18,Enter price:,78.0,Exit price:,80.980003,Profit rate:,-3.8205166666666623 %,
,,Win:,2,Lose:,3,,,
======================================================================================
Number: ,54,,,,,,,
Found Date: ,2016-10-12,	,	,	,	,	,	,
Enter Date1:,2016-10-13,Enter price:,82.089996,Exit price:,81.760002,Profit rate:,0.4019905178214398 %,
Enter Date2:,2016-10-14,Enter price:,82.349998,Exit price:,82.589996,Profit rate:,-0.29143655838340143 %,
Enter Date3:,2016-10-17,Enter price:,82.769997,Exit price:,82.32,Profit rate:,0.5436716398576291 %,
Enter Date4:,2016-10-18,Enter price:,83.18,Exit price:,84.010002,Profit rate:,-0.9978384226977557 %,
Enter Date5:,2016-10-19,Enter price:,84.220001,Exit price:,82.760002,Profit rate:,1.7335537671152441 %,
	,	,	,	,Cumulative for 5 days:,,Profit rate:,1.3899409437131558 %,
	,	,	,	,Total cumulative:,,Profit rate:,-38.263325853448016 %,
Exit 5th day:,2016-10-13
		    to
		2016-10-19,Enter price:,82.089996,Exit price:,82.760002,Profit rate:,-0.8161847151265553 %,
,,Win:,3,Lose:,2,,,
======================================================================================
Number: ,55,,,,,,,
Found Date: ,2017-03-16,	,	,	,	,	,	,
Enter Date1:,2017-03-17,Enter price:,90.919998,Exit price:,89.589996,Profit rate:,1.462826692979038 %,
Enter Date2:,2017-03-20,Enter price:,88.82,Exit price:,89.160004,Profit rate:,-0.3828011709074618 %,
Enter Date3:,2017-03-21,Enter price:,89.220001,Exit price:,88.410004,Profit rate:,0.9078648183382061 %,
Enter Date4:,2017-03-22,Enter price:,88.43,Exit price:,88.739998,Profit rate:,-0.35055750310979655 %,
Enter Date5:,2017-03-23,Enter price:,88.589996,Exit price:,88.610001,Profit rate:,-0.02258155649989826 %,
	,	,	,	,Cumulative for 5 days:,,Profit rate:,1.6147512808000875 %,
	,	,	,	,Total cumulative:,,Profit rate:,-36.64857457264793 %,
Exit 5th day:,2017-03-17
		    to
		2017-03-23,Enter price:,90.919998,Exit price:,88.610001,Profit rate:,2.5406918728704877 %,
,,Win:,2,Lose:,3,,,
======================================================================================
Number: ,56,,,,,,,
Found Date: ,2017-04-05,	,	,	,	,	,	,
Enter Date1:,2017-04-06,Enter price:,88.470001,Exit price:,88.559998,Profit rate:,-0.10172600766670814 %,
Enter Date2:,2017-04-07,Enter price:,88.400002,Exit price:,88.730003,Profit rate:,-0.3733042901967307 %,
Enter Date3:,2017-04-10,Enter price:,88.550003,Exit price:,88.739998,Profit rate:,-0.2145623868584128 %,
Enter Date4:,2017-04-11,Enter price:,88.779999,Exit price:,89.68,Profit rate:,-1.0137429715447543 %,
Enter Date5:,2017-04-12,Enter price:,89.949997,Exit price:,89.949997,Profit rate:,0.0 %,
	,	,	,	,Cumulative for 5 days:,,Profit rate:,-1.703335656266606 %,
	,	,	,	,Total cumulative:,,Profit rate:,-38.351910228914534 %,
Exit 5th day:,2017-04-06
		    to
		2017-04-12,Enter price:,88.470001,Exit price:,89.949997,Profit rate:,-1.6728789231052457 %,
,,Win:,1,Lose:,4,,,
======================================================================================
Number: ,57,,,,,,,
Found Date: ,2017-05-03,	,	,	,	,	,	,
Enter Date1:,2017-05-04,Enter price:,94.110001,Exit price:,94.760002,Profit rate:,-0.6906821730880687 %,
Enter Date2:,2017-05-05,Enter price:,95.389999,Exit price:,95.739998,Profit rate:,-0.36691372645888887 %,
Enter Date3:,2017-05-08,Enter price:,95.919998,Exit price:,95.730003,Profit rate:,0.19807652623179822 %,
Enter Date4:,2017-05-09,Enter price:,95.860001,Exit price:,96.010002,Profit rate:,-0.15647923892677945 %,
Enter Date5:,2017-05-10,Enter price:,105.970001,Exit price:,108.160004,Profit rate:,-2.0666254405338775 %,
	,	,	,	,Cumulative for 5 days:,,Profit rate:,-3.082624052775816 %,
	,	,	,	,Total cumulative:,,Profit rate:,-41.43453428169035 %,
Exit 5th day:,2017-05-04
		    to
		2017-05-10,Enter price:,94.110001,Exit price:,108.160004,Profit rate:,-14.929341037835082 %,
,,Win:,1,Lose:,4,,,
======================================================================================
Number: ,58,,,,,,,
Found Date: ,2017-06-08,	,	,	,	,	,	,
Enter Date1:,2017-06-09,Enter price:,114.839996,Exit price:,110.459999,Profit rate:,3.813999610379648 %,
Enter Date2:,2017-06-12,Enter price:,109.300003,Exit price:,108.900002,Profit rate:,0.3659661381711061 %,
Enter Date3:,2017-06-13,Enter price:,110.330002,Exit price:,109.980003,Profit rate:,0.3172292156760741 %,
Enter Date4:,2017-06-14,Enter price:,110.160004,Exit price:,110.019997,Profit rate:,0.12709422196462256 %,
Enter Date5:,2017-06-15,Enter price:,108.239998,Exit price:,110.529999,Profit rate:,-2.115669846926645 %,
	,	,	,	,Cumulative for 5 days:,,Profit rate:,2.508619339264806 %,
	,	,	,	,Total cumulative:,,Profit rate:,-38.92591494242554 %,
Exit 5th day:,2017-06-09
		    to
		2017-06-15,Enter price:,114.839996,Exit price:,110.529999,Profit rate:,3.7530452369573366 %,
,,Win:,4,Lose:,1,,,
======================================================================================
Number: ,59,,,,,,,
Found Date: ,2017-07-13,	,	,	,	,	,	,
Enter Date1:,2017-07-14,Enter price:,109.610001,Exit price:,108.989998,Profit rate:,0.5656445528177644 %,
Enter Date2:,2017-07-17,Enter price:,109.019997,Exit price:,109.440002,Profit rate:,-0.3852550096841438 %,
Enter Date3:,2017-07-18,Enter price:,110.0,Exit price:,110.279999,Profit rate:,-0.2545445454545488 %,
Enter Date4:,2017-07-19,Enter price:,110.43,Exit price:,111.580002,Profit rate:,-1.0413854930725224 %,
Enter Date5:,2017-07-20,Enter price:,111.610001,Exit price:,111.970001,Profit rate:,-0.3225517397853974 %,
	,	,	,	,Cumulative for 5 days:,,Profit rate:,-1.4380922351788479 %,
	,	,	,	,Total cumulative:,,Profit rate:,-40.36400717760439 %,
Exit 5th day:,2017-07-14
		    to
		2017-07-20,Enter price:,109.610001,Exit price:,111.970001,Profit rate:,-2.1530882022343922 %,
,,Win:,1,Lose:,4,,,
======================================================================================
Number: ,60,,,,,,,
Found Date: ,2017-10-16,	,	,	,	,	,	,
Enter Date1:,2017-10-17,Enter price:,117.199997,Exit price:,115.980003,Profit rate:,1.040950538590884 %,
Enter Date2:,2017-10-18,Enter price:,113.410004,Exit price:,113.160004,Profit rate:,0.22043910694157107 %,
Enter Date3:,2017-10-19,Enter price:,112.0,Exit price:,113.07,Profit rate:,-0.9553571428571368 %,
Enter Date4:,2017-10-20,Enter price:,113.599998,Exit price:,113.620003,Profit rate:,-0.01761003552130134 %,
Enter Date5:,2017-10-23,Enter price:,113.809998,Exit price:,113.660004,Profit rate:,0.1317933420928383 %,
	,	,	,	,Cumulative for 5 days:,,Profit rate:,0.4202158092468551 %,
	,	,	,	,Total cumulative:,,Profit rate:,-39.94379136835754 %,
Exit 5th day:,2017-10-17
		    to
		2017-10-23,Enter price:,117.199997,Exit price:,113.660004,Profit rate:,3.020471920319243 %,
,,Win:,3,Lose:,2,,,
Total Win:,142,Total Lose:,158,,,,,
Total Profit:,Found:,60 Patterns.,	,	,	,Total ProfitRate:,-35.581843976001856 %,
Average Profit:,Days:,60 Patterns.,	,	,	,Total Ave. ProfitRate:,-0.5930307329333643 %,
